,correlation,statistic,pvalue,CI_low,CI_high
train_early_nm,-0.038269969604148454,-0.038269969604148454,0.57145831896447,-0.16938572978594002,0.09417692316086458
test_early_nm,0.06512301068520666,0.06512301068520666,0.289943350923417,-0.0555838988981106,0.1839537546405088
train_nm,0.302366180704903,0.302366180704903,1.034384264940474e-10,0.2147529005936735,0.38515189803655375
test_nm,0.28670982754912133,0.28670982754912133,8.613416498544711e-12,0.20779678472135288,0.3619150189199397
