,correlation,statistic,pvalue,CI_low,CI_high
train_early_nm,0.20345485526004034,0.20345485526004034,0.0023714892772628863,0.07345591168937868,0.3266553455849194
test_early_nm,0.073282910982523,0.073282910982523,0.2335822876265758,-0.04740647426497075,0.19186340752155304
train_nm,0.301518539606727,0.301518539606727,1.172654668584521e-10,0.21386306421155793,0.38435729512656897
test_nm,0.19479569954056888,0.19479569954056888,4.533660599094509e-06,0.11272597213197133,0.27422559308689004
