,correlation,statistic,pvalue,CI_low,CI_high
train_early_nm,0.03853479263307216,0.03853479263307216,0.5687971078264275,-0.0939140547101769,0.16964332296245432
test_early_nm,0.1462174880091038,0.1462174880091038,0.0170168467844268,0.026410384130668495,0.261883605921441
train_nm,0.3445517227549958,0.3445517227549958,1.1827548948532798e-13,0.2592229450915414,0.4245433604290094
test_nm,0.37091172779513554,0.37091172779513554,2.991942546390751e-19,0.29621894602796267,0.4410953666878126
