,correlation,statistic,pvalue,CI_low,CI_high
train_early_nm,0.17126108653416894,0.17126108653416894,0.01075956941286996,0.040198383020495394,0.2965302942390086
test_early_nm,0.2292651580702519,0.2292651580702519,0.00016197295080471914,0.11208422533160507,0.3401571894893979
train_nm,0.3784746182773625,0.3784746182773625,2.2968663202696154e-16,0.2952472760700129,0.45600128584260535
test_nm,0.3719190025947698,0.3719190025947698,2.356531832307902e-19,0.2972845129073132,0.4420360029597797
