,correlation,statistic,pvalue,CI_low,CI_high
train_early_nm,0.15987317088805414,0.15987317088805414,0.017381974327026175,0.0285033036030971,0.2858141241363955
test_early_nm,0.07929294473742751,0.07929294473742751,0.19733929010822407,-0.041373169894019506,0.1976792912281555
train_nm,0.4001439755297541,0.4001439755297541,2.8482366405169175e-18,0.31838352753064203,0.4759951747864522
test_nm,0.33723468376022814,0.33723468376022814,5.47457749276286e-16,0.26069968202656135,0.40955729137680086
