,correlation,statistic,pvalue,CI_low,CI_high
train_early_nm,0.2980378937675441,0.2980378937675441,6.531629983913204e-06,0.17286588058761393,0.4137359029211643
test_early_nm,0.22710150012502062,0.22710150012502062,0.0001874215283090343,0.10982982371365928,0.338137222532612
train_nm,0.4303964511986601,0.4303964511986601,3.5331975101971556e-21,0.35084766932955735,0.5037780050671042
test_nm,0.3522730855134294,0.3522730855134294,2.1367024903767372e-17,0.27653516012469354,0.4236619358329367
