,correlation,statistic,pvalue,CI_low,CI_high
train_early_nm,-0.12029060816611722,-0.12029060816611722,0.07432734093513457,-0.2483198045123298,0.011869060863515258
test_early_nm,-0.0723491486187127,-0.0723491486187127,0.2396094352216122,-0.19095906159323847,0.048343062405655314
train_nm,0.21804974788706571,0.21804974788706571,4.1060593978181215e-06,0.12694591145566292,0.30550548700602376
test_nm,0.17615770979998235,0.17615770979998235,3.4853011562302785e-05,0.09362940210926467,0.25628172309784236
