,correlation,statistic,pvalue,CI_low,CI_high
train_early_nm,-0.0027823396908121818,-0.0027823396908121818,0.9671938760937858,-0.13470412669242865,0.12923636331414412
test_early_nm,0.06384054098653254,0.06384054098653254,0.2995668227920338,-0.056867651993590417,0.18270921464707632
train_nm,0.25262982746060714,0.25262982746060714,8.358399446129578e-08,0.16278565823070482,0.3383189883646215
test_nm,0.2721116873050215,0.2721116873050215,1.0051618038673015e-10,0.1925970371570654,0.3480762004485813
