,correlation,statistic,pvalue,CI_low,CI_high
train_early_nm,0.2900037828715418,0.2900037828715418,1.1797866042497941e-05,0.1643214719115522,0.4064204429381172
test_early_nm,0.1672485522504326,0.1672485522504326,0.006253588113514412,0.047941352478754695,0.281850610480291
train_nm,0.4815353426444307,0.4815353426444307,8.319367749608984e-27,0.40616344825014417,0.5503995046081414
test_nm,0.3982080076582061,0.3982080076582061,3.4249592734331522e-22,0.32516079264554804,0.4665313868428657
