,correlation,statistic,pvalue,CI_low,CI_high
train_early_nm,-0.10115226728292256,-0.10115226728292256,0.13385897365918886,-0.23005250134785923,0.031235956319374467
test_early_nm,-0.02754877206843282,-0.02754877206843282,0.6546759393878071,-0.1473321631888364,0.09303102246270878
train_nm,-0.01786985023308847,-0.01786985023308847,0.7091861649748457,-0.11138078920211691,0.0759547557006528
test_nm,0.004178929505435382,0.004178929505435382,0.9223895345720668,-0.07976135887287819,0.08806036890151957
