,correlation,statistic,pvalue,CI_low,CI_high
train_early_nm,0.1813425010871245,0.1813425010871245,0.006871469436361609,0.050581775089227246,0.30599077972127076
test_early_nm,0.2025261879709622,0.2025261879709622,0.0008936223510558809,0.0843082277708502,0.3151219553369361
train_nm,0.41778050078020335,0.41778050078020335,6.25320306247386e-20,0.337286121926195,0.49221037599924383
test_nm,0.4191311805051242,0.4191311805051242,1.2226449505926122e-24,0.3474383623075429,0.4859524219230943
