,correlation,statistic,pvalue,CI_low,CI_high
train_early_nm,0.12484453914239986,0.12484453914239986,0.0639285953748057,-0.007246095583648043,0.2526531033229063
test_early_nm,0.14729359090349564,0.14729359090349564,0.016212362583383252,0.02750937403507157,0.2629076730604669
train_nm,0.3757906412521579,0.3757906412521579,3.8688325136674056e-16,0.29238838647511706,0.4535193744515484
test_nm,0.3508689179339941,0.3508689179339941,2.9141418460628577e-17,0.2750548248860981,0.42234641879847834
