,correlation,statistic,pvalue,CI_low,CI_high
train_early_nm,0.2197016771947215,0.2197016771947215,0.0010095833831919323,0.09035006567577882,0.34176372448082376
test_early_nm,0.179532421113323,0.179532421113323,0.003301180734188708,0.060568707869695176,0.293467239537313
train_nm,0.40081744166003486,0.40081744166003486,2.471949412424056e-18,0.31910414760650757,0.4766153149341606
test_nm,0.35081019814198794,0.35081019814198794,2.95210425911356e-17,0.27499292772757133,0.4222913996547472
