,correlation,statistic,pvalue,CI_low,CI_high
train_early_nm,0.2881778456240248,0.2881778456240248,1.3461324134143012e-05,0.16238218451070627,0.4047557515161719
test_early_nm,0.20050362052120368,0.20050362052120368,0.001008413639481093,0.08221466572631954,0.31322186408674757
train_nm,0.4064057663040238,0.4064057663040238,7.533216295848616e-19,0.325087396074214,0.4817582398973626
test_nm,0.3232152576501498,0.3232152576501498,9.636665076170893e-15,0.24597418707237612,0.396377138221616
