,correlation,statistic,pvalue,CI_low,CI_high
train_early_nm,0.0940330624815781,0.0940330624815781,0.16360067516429813,-0.0384149022752116,0.22323405249002812
test_early_nm,0.1288254176077405,0.1288254176077405,0.03573394071591431,0.00868848556690726,0.2452963397765174
train_nm,0.314934976891115,0.314934976891115,1.5339397592622903e-11,0.22796445805882468,0.39691985871238217
test_nm,0.301517020479195,0.301517020479195,6.134144434558524e-13,0.2232532297805703,0.37591823504049876
