,correlation,statistic,pvalue,CI_low,CI_high
train_early_nm,0.13772791790031186,0.13772791790031186,0.040793725939188334,0.005863240031811889,0.26488459122701913
test_early_nm,0.23322274246147368,0.23322274246147368,0.00012358349148003785,0.11621091398106859,0.34384930028977745
train_nm,0.40419734034227184,0.40419734034227184,1.2080470298249652e-18,0.32272212358466723,0.47972644967131245
test_nm,0.43191189736197394,0.43191189736197394,3.202178418168101e-26,0.3610863324496817,0.49778319494569234
