,correlation,statistic,pvalue,CI_low,CI_high
train_early_nm,0.03967882090944747,0.03967882090944747,0.5573688394641034,-0.09277825791033417,0.17075591265130427
test_early_nm,0.16546289276460652,0.16546289276460652,0.006839152178602824,0.046108930846557455,0.28015914337484404
train_nm,0.35091993086018847,0.35091993086018847,3.874564865603454e-14,0.26596759360954453,0.4304635910571377
test_nm,0.38733764208976573,0.38733764208976573,5.484941913259765e-21,0.3136186829302722,0.4564153663584624
