,correlation,statistic,pvalue,CI_low,CI_high
train_early_nm,0.31877415576197904,0.31877415576197904,1.3057500072334197e-06,0.19500664607207316,0.43254851116183823
test_early_nm,0.21884929397070385,0.21884929397070385,0.00032289244015840096,0.10124258312485593,0.33042365104840477
train_nm,0.48875797466167464,0.48875797466167464,1.1117090255287793e-27,0.4140207774241298,0.556949689991353
test_nm,0.4453298153475513,0.4453298153475513,5.89639010709697e-28,0.37544746407835583,0.5101774865504914
