,correlation,statistic,pvalue,CI_low,CI_high
train_early_nm,0.022091297274639553,0.022091297274639553,0.7439793482383965,-0.11020123403034879,0.15361469537420602
test_early_nm,0.14604155111033382,0.14604155111033382,0.01715163589980454,0.026230732872397404,0.26171615180508423
train_nm,0.27653864956096863,0.27653864956096863,3.952696470010056e-09,0.18770483170933475,0.3608851977252265
test_nm,0.3005123607574781,0.3005123607574781,7.374228064389124e-13,0.22220327262570358,0.37496919804745354
