,correlation,statistic,pvalue,CI_low,CI_high
train_early_nm,0.22649334672112129,0.22649334672112129,0.0006934356631041046,0.09743447370386171,0.3480608446721768
test_early_nm,0.08227715306765378,0.08227715306765378,0.18094549880730254,-0.03837413376570801,0.2005640034622186
train_nm,0.31084133197958114,0.31084133197958114,2.884722160821673e-11,0.22365794690163424,0.39309000266115285
test_nm,0.2649242534274897,0.2649242534274897,3.196921836276394e-10,0.1851273920001964,0.3412504358212588
