,correlation,statistic,pvalue,CI_low,CI_high
train_early_nm,-0.01607235480330385,-0.01607235480330385,0.8121966871090314,-0.14773025467836773,0.11614524842895395
test_early_nm,0.06726490874764096,0.06726490874764096,0.274336971288726,-0.05343896715505258,0.1860314557696131
train_nm,0.25700972591817883,0.25700972591817883,4.887685779065027e-08,0.16734208553164479,0.3424603177286679
test_nm,0.280666632454982,0.280666632454982,2.423999520119401e-11,0.20149991619258087,0.3561901783359588
