,correlation,statistic,pvalue,CI_low,CI_high
train_early_nm,0.27652693858626837,0.27652693858626837,3.05748432626182e-05,0.15003085661532659,0.3941154921762464
test_early_nm,0.17790963967760245,0.17790963967760245,0.0036002802488165142,0.05889836383653379,0.29193453147843507
train_nm,0.4801786632813462,0.4801786632813462,1.2077392535540775e-26,0.404688791424946,0.5491681893132088
test_nm,0.398927797229332,0.398927797229332,2.8399423991448574e-22,0.32592583130835884,0.4672005965209087
