,correlation,statistic,pvalue,CI_low,CI_high
train_early_nm,0.2625974548489376,0.2625974548489376,7.775388017832246e-05,0.1353156109912326,0.3813528025617517
test_early_nm,0.24575676988714343,0.24575676988714343,5.0867591559869936e-05,0.12930722261221356,0.355520021487424
train_nm,0.4602943243540771,0.4602943243540771,2.3633497816800376e-24,0.3831202558402071,0.5310868318680368
test_nm,0.44141448086160495,0.44141448086160495,1.9267880096069684e-27,0.3712534308170931,0.5065636260241477
