,correlation,statistic,pvalue,CI_low,CI_high
train_early_nm,0.06276344438182954,0.06276344438182954,0.35305990220534134,-0.06978583848853112,0.1931349621122971
test_early_nm,0.07250871786994521,0.07250871786994521,0.23857181413744416,-0.048183025295755716,0.1911136181794416
train_nm,0.34585432012666406,0.34585432012666406,9.433021592333934e-14,0.26060186545656405,0.42575488211122026
test_nm,0.3360279813307305,0.3360279813307305,7.048493236566262e-16,0.2594308034514474,0.40842401445305526
