,correlation,statistic,pvalue,CI_low,CI_high
train_early_nm,0.18718157773378097,0.18718157773378097,0.005244971172618335,0.05660871045049829,0.31145898406907935
test_early_nm,0.1718411627808716,0.1718411627808716,0.0049482878424943685,0.0526579241457196,0.28619769409652734
train_nm,0.3956240525040602,0.3956240525040602,7.310730507920005e-18,0.31354957796480465,0.471831192654767
test_nm,0.3133837651076528,0.3133837651076528,6.600814767405227e-14,0.23566877088361263,0.3871161833082171
