,correlation,statistic,pvalue,CI_low,CI_high
train_early_nm,0.3277890500527619,0.3277890500527619,6.238720999162146e-07,0.20467163631316748,0.4406963350082686
test_early_nm,0.2301695052150966,0.2301695052150966,0.0001523261973718986,0.11302685832946559,0.3410011747651309
train_nm,0.4577547840768368,0.4577547840768368,4.52413888509972e-24,0.3803716643959801,0.5287729080775861
test_nm,0.41775973318646437,0.41775973318646437,1.790836944308381e-24,0.3459756558728111,0.4846814527173906
