,correlation,statistic,pvalue,CI_low,CI_high
train_early_nm,0.0794987551334118,0.0794987551334118,0.23919721342049302,-0.05302884853645067,0.2092743912486139
test_early_nm,0.07897420816208683,0.07897420816208683,0.1991521927652487,-0.04169336172553369,0.19737106036190047
train_nm,0.42451933497452193,0.42451933497452193,1.367890816623418e-20,0.34452589431028496,0.49839251968743287
test_nm,0.4167103285765348,0.4167103285765348,2.395381002423476e-24,0.3448566571744853,0.4837087411077112
