,correlation,statistic,pvalue,CI_low,CI_high
train_early_nm,0.07304450594566042,0.07304450594566042,0.2796207620012328,-0.05950031251400607,0.20305831836556856
test_early_nm,0.1621735510157843,0.1621735510157843,0.008047276101124032,0.042735550419705344,0.2770414468208039
train_nm,0.332801460957616,0.332801460957616,8.681901679523219e-13,0.24679990352589767,0.41360169779933303
test_nm,0.30420897741567177,0.30420897741567177,3.732196161365757e-13,0.2260674554229177,0.3784603833117079
