,correlation,statistic,pvalue,CI_low,CI_high
train_early_nm,0.26999219078093006,0.26999219078093006,4.767490772468869e-05,0.1431204979579686,0.3881337652574379
test_early_nm,0.288121529146475,0.288121529146475,1.7642258932876875e-06,0.1738752456032558,0.3947150886113719
train_nm,0.43139459118566625,0.43139459118566625,2.8001258690756944e-21,0.3519220487180239,0.5046920826164771
test_nm,0.4472614904842666,0.4472614904842666,3.2689263872657845e-28,0.37751769324876344,0.5119595829232687
