,correlation,statistic,pvalue,CI_low,CI_high
train_early_nm,-0.02270532921242986,-0.02270532921242986,0.7371211472216452,-0.15421448198152068,0.10959431359411649
test_early_nm,-0.007928550641578672,-0.007928550641578672,0.8975920371418789,-0.128077969889643,0.11245023126932173
train_nm,0.2017500161503243,0.2017500161503243,2.099182962705088e-05,0.11013450882157576,0.28996608481776587
test_nm,0.11572565651492103,0.11572565651492103,0.0067889500038452915,0.032125300175527415,0.19771797415757847
