,correlation,statistic,pvalue,CI_low,CI_high
train_early_nm,0.2027990368905562,0.2027990368905562,0.002451468843026203,0.0727755261773847,0.32604415660731584
test_early_nm,0.165529577228071,0.165529577228071,0.006816433266624807,0.04617734718143506,0.2802223230805343
train_nm,0.393084871912609,0.393084871912609,1.233679887391507e-17,0.3108358498866124,0.46949047857790666
test_nm,0.32959658155996063,0.32959658155996063,2.6602446005853608e-15,0.25267247929310216,0.40238018582721935
