,correlation,statistic,pvalue,CI_low,CI_high
train_early_nm,0.2694444097320662,0.2694444097320662,4.945833115074481e-05,0.14254179239308515,0.38763188909406154
test_early_nm,0.15844638052317636,0.15844638052317636,0.00964275712428878,0.0389164435908763,0.27350584297215785
train_nm,0.41812293905854775,0.41812293905854775,5.793204989505186e-20,0.3376537862285773,0.4925247068644247
test_nm,0.33689616039706904,0.33689616039706904,5.877421936936441e-16,0.2603436893349813,0.4092393890290155
