,correlation,statistic,pvalue,CI_low,CI_high
train_early_nm,0.26664319785136503,0.26664319785136503,5.9602831795172714e-05,0.13958379611521898,0.3850643272871514
test_early_nm,0.2484689533641982,0.2484689533641982,4.1715741918803767e-05,0.13214643213104346,0.35804090152121804
train_nm,0.45372999338380654,0.45372999338380654,1.252181157902129e-23,0.3760183571700513,0.5251035221148477
test_nm,0.39684519466887025,0.39684519466887025,4.876709415165217e-22,0.3237125691770982,0.4652641249639397
