,correlation,statistic,pvalue,CI_low,CI_high
train_early_nm,0.1675980541636145,0.1675980541636145,0.01259327944270561,0.03643262668279559,0.2930867732732408
test_early_nm,0.131888616283922,0.131888616283922,0.0315307142003043,0.011804309819059706,0.24822274744917144
train_nm,0.4223244733766454,0.4223244733766454,2.2525043101372246e-20,0.3421668301015072,0.4963797987644429
test_nm,0.38421309128506714,0.38421309128506714,1.1944748695603683e-20,0.31030507350652786,0.453504334603835
