,correlation,statistic,pvalue,CI_low,CI_high
train_early_nm,0.1763243276248496,0.1763243276248496,0.0086141478416782,0.0454097519706336,0.3012847579766963
test_early_nm,0.18376336765992526,0.18376336765992526,0.0026242181103883926,0.06492679586608456,0.2974605924969406
train_nm,0.40249340493741476,0.40249340493741476,1.7349713536973697e-18,0.3208978667172891,0.4781582457344073
test_nm,0.3876243899674204,0.3876243899674204,5.104700722454499e-21,0.3139228711670791,0.45668244499300015
