,correlation,statistic,pvalue,CI_low,CI_high
train_early_nm,0.023892131295089762,0.023892131295089762,0.7239247884977689,-0.10842097696646937,0.15537347601881274
test_early_nm,-0.007902423433891154,-0.007902423433891154,0.8979276658058406,-0.12805226957554317,0.11247602963763859
train_nm,0.14601387337641633,0.14601387337641633,0.0021873051313554526,0.05304211881910692,0.23647604550154622
test_nm,0.14594950020073713,0.14594950020073713,0.0006242149857068593,0.0628063683778566,0.22708076983338693
