,correlation,statistic,pvalue,CI_low,CI_high
train_early_nm,0.1009670039069639,0.1009670039069639,0.13457632694426996,-0.031422947604274096,0.22987522479083417
test_early_nm,0.12718955696196782,0.12718955696196782,0.03816704512114585,0.0070254759506482726,0.2437326606182546
train_nm,0.42313574845799706,0.42313574845799706,1.8740639911572087e-20,0.3430386808178824,0.4971238429185223
test_nm,0.42191302509847234,0.42191302509847234,5.606998142711878e-25,0.3504063889207685,0.488529588894478
