,correlation,statistic,pvalue,CI_low,CI_high
train_early_nm,0.2045753612963028,0.2045753612963028,0.0022403109667340567,0.07461867227472745,0.32769936119653814
test_early_nm,0.1549673146793576,0.1549673146793576,0.011378821722170997,0.03535470967200165,0.2702027838448729
train_nm,0.3705598723626603,0.3705598723626603,1.0541432156572728e-15,0.2868210132018807,0.4486789420347802
test_nm,0.3346196374354669,0.3346196374354669,9.453048446748462e-16,0.2579502280508575,0.4071010832481195
