,correlation,statistic,pvalue,CI_low,CI_high
train_early_nm,0.29152807865472113,0.29152807865472113,1.0560360813811492e-05,0.16594113703280844,0.4078095387432479
test_early_nm,0.253650109180161,0.253650109180161,2.8380374301622316e-05,0.13757556024764359,0.36285216889184
train_nm,0.4669911587800584,0.4669911587800584,4.15384103252847e-25,0.3903749234021868,0.5371836503520746
test_nm,0.4165958662279611,0.4165958662279611,2.472439696380169e-24,0.3447346162993411,0.48360263392973657
