,correlation,statistic,pvalue,CI_low,CI_high
train_early_nm,0.21955645436216067,0.21955645436216067,0.0010176016859529036,0.0901987261796453,0.3416289565511385
test_early_nm,0.1379702076755428,0.1379702076755428,0.02442345806463343,0.017997301207652944,0.2540264718208854
train_nm,0.31224803118646954,0.31224803118646954,2.3244646859835566e-11,0.22513740954220665,0.3944063780129761
test_nm,0.2340736478776498,0.2340736478776498,3.129311112220366e-08,0.15316983921253063,0.3118605079688643
