,correlation,statistic,pvalue,CI_low,CI_high
train_early_nm,0.22960336509586787,0.22960336509586787,0.0005816810670704637,0.10068291351672819,0.3509407434509241
test_early_nm,0.13470231096495638,0.13470231096495638,0.028048848283410182,0.01466839987666867,0.2509089233603056
train_nm,0.3168800721810706,0.3168800721810706,1.1323879953968893e-11,0.23001188995981692,0.39873861477642014
test_nm,0.23111158040433413,0.23111158040433413,4.706884654875858e-08,0.1501103681151528,0.3090308308918529
