,correlation,statistic,pvalue,CI_low,CI_high
train_early_nm,0.2667287341910686,0.2667287341910686,5.926603794622867e-05,0.13967408638889234,0.3851427561535355
test_early_nm,0.23655808904757075,0.23655808904757075,9.803394664722766e-05,0.11969191700526577,0.3469582590213019
train_nm,0.4386451043264753,0.4386451043264753,5.051801522307298e-22,0.35973265703920165,0.5113270349408987
test_nm,0.3853787996883043,0.3853787996883043,8.943313996111106e-21,0.3115411059660175,0.45459055617521094
