,correlation,statistic,pvalue,CI_low,CI_high
train_early_nm,0.22453690429058154,0.22453690429058154,0.0007735629357413428,0.09539236154579983,0.3462479888142165
test_early_nm,0.30257839420233806,0.30257839420233806,4.903110691328065e-07,0.18919183079980745,0.4080021074515244
train_nm,0.36892349484441056,0.36892349484441056,1.4370414287655783e-15,0.2850804941929377,0.44716373439261337
test_nm,0.37006905544793295,0.37006905544793295,3.6509935503894325e-19,0.29532765013854134,0.44030832474554127
