,correlation,statistic,pvalue,CI_low,CI_high
train_early_nm,0.16935820094334234,0.16935820094334234,0.011680409127277044,0.038241669200429776,0.2947418476900578
test_early_nm,0.25884966489247535,0.25884966489247535,1.912132426921678e-05,0.14303098982655232,0.3676746763554234
train_nm,0.41473981237357777,0.41473981237357777,1.2277065791048632e-19,0.33402251518494297,0.4894184163423788
test_nm,0.42800295390568943,0.42800295390568943,9.918443672720707e-26,0.3569089189662625,0.49416738926359743
