,correlation,statistic,pvalue,CI_low,CI_high
train_early_nm,-0.09227137755307167,-0.09227137755307167,0.17167185003286325,-0.2215448374956442,0.04018926274262685
test_early_nm,-0.07494792183627629,-0.07494792183627629,0.22310193805620002,-0.19347546580891437,0.045735897974204194
train_nm,0.22972596510022258,0.22972596510022258,1.1785661006255257e-06,0.1390209228937193,0.3166084825669944
test_nm,0.17631480815675377,0.17631480815675377,3.428772804113358e-05,0.09379011244131064,0.2564332018975407
