,correlation,statistic,pvalue,CI_low,CI_high
train_early_nm,0.14436363292426532,0.14436363292426532,0.031936922173956196,0.012633067360957248,0.27116861823037386
test_early_nm,0.12793128085144592,0.12793128085144592,0.03704701234009,0.007779427237470119,0.2444417314221054
train_nm,0.28318268045450995,0.28318268045450995,1.6036502230960226e-09,0.19464999361355725,0.36713864156736536
test_nm,0.27382688093523117,0.27382688093523117,7.587668683348145e-11,0.19438094002067988,0.349703896602408
