,correlation,statistic,pvalue,CI_low,CI_high
train_early_nm,0.0799396265135227,0.0799396265135227,0.23659368542817663,-0.052586394729952926,0.2096986111471703
test_early_nm,0.0917602685022746,0.0917602685022746,0.1355242470264495,-0.02882944934347159,0.2097173481378182
train_nm,0.22672397217526474,0.22672397217526474,1.6349561012586418e-06,0.13591382071847205,0.3137561386033857
test_nm,0.22371367761841202,0.22371367761841202,1.2739505879786243e-07,0.14247596497712414,0.3019575487855214
