,correlation,statistic,pvalue,CI_low,CI_high
train_early_nm,0.28278376578844994,0.28278376578844994,1.9770235752158283e-05,0.15665892244572438,0.3998334977054135
test_early_nm,0.24126277439905588,0.24126277439905588,7.031263429190398e-05,0.12460694851449079,0.35133949115407226
train_nm,0.4625345090969101,0.4625345090969101,1.3267700096961597e-24,0.3855459842889176,0.5331271191496672
test_nm,0.42019451353330795,0.42019451353330795,9.083599329145645e-25,0.34857269202232166,0.4869376561388269
