,correlation,statistic,pvalue,CI_low,CI_high
train_early_nm,0.18655457965934194,0.18655457965934194,0.005401314308570934,0.05596108378210567,0.31087220431632007
test_early_nm,0.1754547863564907,0.1754547863564907,0.0040994747615242105,0.05637282638591032,0.28961482254793863
train_nm,0.3944804735902106,0.3944804735902106,9.258639121300405e-18,0.31232722158626747,0.47077713067962196
test_nm,0.31240019451621887,0.31240019451621887,7.971029740471298e-14,0.23463874843921606,0.38618887160106025
