,correlation,statistic,pvalue,CI_low,CI_high
train_early_nm,-0.10595963816768192,-0.10595963816768192,0.11625342059028719,-0.23464963434638625,0.026380505807483853
test_early_nm,-0.07138808596299222,-0.07138808596299222,0.24592579325253122,-0.19002806510319967,0.04930681186982874
train_nm,0.22170351292459747,0.22170351292459747,2.7984873998921503e-06,0.1307215681250547,0.30898243589895724
test_nm,0.17640441695276787,0.17640441695276787,3.3969191395497114e-05,0.09388178343179317,0.2565196035394045
