,correlation,statistic,pvalue,CI_low,CI_high
train_early_nm,-0.017551985877084758,-0.017551985877084758,0.7952731498537975,-0.14917768588029243,0.11468491423783883
test_early_nm,-0.06499164723733525,-0.06499164723733525,0.29091946136157676,-0.18382629384650437,0.05571541215267187
train_nm,0.19852046133966264,0.19852046133966264,2.8570159614205265e-05,0.10680978447737573,0.28688164721373133
test_nm,0.19801991128096888,0.19801991128096888,3.120787931897802e-06,0.11603567708977067,0.2773241266025162
