,correlation,statistic,pvalue,CI_low,CI_high
train_early_nm,0.1901157783919098,0.1901157783919098,0.00456596134302573,0.059640909012794494,0.31420371366338373
test_early_nm,0.14798285762092103,0.14798285762092103,0.015714712343109737,0.028213452536207242,0.2635634729378919
train_nm,0.34935519599936843,0.34935519599936843,5.108967380184274e-14,0.2643095923140291,0.42900956286705705
test_nm,0.28883102579982506,0.28883102579982506,5.9547975229583565e-12,0.2100085757219015,0.3639231287131983
