,correlation,statistic,pvalue,CI_low,CI_high
train_early_nm,0.1797981845293458,0.1797981845293458,0.0073708688330099284,0.04898936467492709,0.3045431747785909
test_early_nm,0.15007117103188308,0.15007117103188308,0.01428760104917677,0.030347367831928707,0.26554973783341596
train_nm,0.346146503983615,0.346146503983615,8.965013522438042e-14,0.26091121698861125,0.42602659757146344
test_nm,0.285388816704601,0.285388816704601,1.082256855145842e-11,0.20641976338607101,0.3606640829837476
