,correlation,statistic,pvalue,CI_low,CI_high
train_early_nm,-0.0925363922519067,-0.0925363922519067,0.1704391204585889,-0.22179899994601504,0.039922394604021
test_early_nm,-0.0702051685124283,-0.0702051685124283,0.2538583905969601,-0.1888818613784775,0.050492727875979915
train_nm,0.2215435464722916,0.2215435464722916,2.846245367128679e-06,0.13055620984232102,0.30883025950003756
test_nm,0.17529177037228064,0.17529177037228064,3.813069678124217e-05,0.09274363034979222,0.25544668850511165
