,correlation,statistic,pvalue,CI_low,CI_high
train_early_nm,0.18917471444710085,0.18917471444710085,0.004774585293721103,0.0586681525912683,0.31332364324754947
test_early_nm,0.07839213596778015,0.07839213596778015,0.20249406212636373,-0.042278027534363646,0.19680811312941068
train_nm,0.40514656358854323,0.40514656358854323,9.865376624044885e-19,0.32373863775483325,0.48059985080506185
test_nm,0.33909002492576934,0.33909002492576934,3.7040022694619896e-16,0.26265113684170793,0.4112993033024347
