,correlation,statistic,pvalue,CI_low,CI_high
train_early_nm,-0.1738486095865888,-0.1738486095865888,0.009610474928503228,-0.2989607954929561,-0.042860714890765275
test_early_nm,-0.13077829798489998,-0.13077829798489998,0.033002780933225756,-0.2471622570985903,-0.010674646809503792
train_nm,0.1946378838345488,0.1946378838345488,4.111626858485261e-05,0.10281550698751223,0.28317110312672783
test_nm,0.17753808449333178,0.17753808449333178,3.0173831295494563e-05,0.09504166125517768,0.25761258586184116
