,correlation,statistic,pvalue,CI_low,CI_high
train_early_nm,0.3200576696413745,0.3200576696413745,1.1771247318811048e-06,0.1963812527285461,0.4337097097927404
test_early_nm,0.19214037089886002,0.19214037089886002,0.0016419911143262641,0.07356892497660059,0.30535545708590445
train_nm,0.5006939064154583,0.5006939064154583,3.590205806338302e-29,0.427030049504194,0.5677557934276537
test_nm,0.38171709013219235,0.38171709013219235,2.210993653001322e-20,0.3076593354131896,0.45117783726960753
