,correlation,statistic,pvalue,CI_low,CI_high
train_early_nm,0.026927418915565642,0.026927418915565642,0.6905513274849405,-0.10541844969607438,0.15833599782645036
test_early_nm,0.13777721468275025,0.13777721468275025,0.024625751482127242,0.01780063151894309,0.2538424249619846
train_nm,0.2727434285072077,0.2727434285072077,6.5470054759821996e-09,0.1837415800386491,0.35730968192356183
test_nm,0.30740628283908095,0.30740628283908095,2.0547229881475855e-13,0.22941167803722246,0.3814783025920869
