,correlation,statistic,pvalue,CI_low,CI_high
train_early_nm,0.3048962586044886,0.3048962586044886,3.887292262237736e-06,0.18017480049570536,0.41996898847801256
test_early_nm,0.3338592583066677,0.3338592583066677,2.4001033533725967e-08,0.22252283766242728,0.43659968618743344
train_nm,0.5008628359331961,0.5008628359331961,3.416608480110765e-29,0.4272143891436222,0.5679085667721484
test_nm,0.4910316772274871,0.4910316772274871,1.7728688194998858e-34,0.4246150289198646,0.5521917062935975
