,correlation,statistic,pvalue,CI_low,CI_high
train_early_nm,0.26721518035433733,0.26721518035433733,5.7384468074992806e-05,0.1401876084073289,0.38558874951148436
test_early_nm,0.24087108692064976,0.24087108692064976,7.230380831995934e-05,0.12419753011857577,0.35097491658210733
train_nm,0.4528785246954977,0.4528785246954977,1.5504319164042812e-23,0.3750978282630843,0.5243269011960932
test_nm,0.3905010675296635,0.3905010675296635,2.4731356585622018e-21,0.31697534930459115,0.4593611104713475
