,correlation,statistic,pvalue,CI_low,CI_high
train_early_nm,0.09286714851504763,0.09286714851504763,0.1689098462826684,-0.039589298610327735,0.2221161872305911
test_early_nm,0.05570954972594881,0.05570954972594881,0.365455145522322,-0.06499750307526092,0.17480982770581124
train_nm,0.26953964207069664,0.26953964207069664,9.963981937230547e-09,0.18039819919206015,0.35428943198145485
test_nm,0.2155379624012734,0.2155379624012734,3.68127934637327e-07,0.1340501126794953,0.29413055085475565
