,correlation,statistic,pvalue,CI_low,CI_high
train_early_nm,0.2786647021569352,0.2786647021569352,2.6374299584155394e-05,0.1522941828627506,0.396070181450041
test_early_nm,0.1942863468868205,0.1942863468868205,0.0014516103374711473,0.07578568847351896,0.30737542015230757
train_nm,0.4446814945295208,0.4446814945295208,1.176176409046565e-22,0.3662438000825592,0.5168443401582594
test_nm,0.3942925853536524,0.3942925853536524,9.411859174542714e-22,0.3210009039598558,0.4628897322387731
