,correlation,statistic,pvalue,CI_low,CI_high
train_early_nm,0.23000261834077385,0.23000261834077385,0.0005686080151196123,0.10110013599898376,0.351310288571981
test_early_nm,0.2849081820246477,0.2849081820246477,2.3230052110935527e-06,0.17047829922664992,0.39175569627626117
train_nm,0.42320681746615435,0.42320681746615435,1.8440656768272314e-20,0.34311506292450034,0.49718901720572445
test_nm,0.413548097192974,0.413548097192974,5.719189537058517e-24,0.3414859484259347,0.48077661201823785
