,correlation,statistic,pvalue,CI_low,CI_high
train_early_nm,0.28866545927089693,0.28866545927089693,1.2996572140639149e-05,0.16289997304502232,0.4052003803566942
test_early_nm,0.26889516541292835,0.26889516541292835,8.70495010313794e-06,0.1535908078104978,0.37697517457433605
train_nm,0.4601923006112317,0.4601923006112317,2.4260681035183125e-24,0.3830098072994147,0.5309938924176829
test_nm,0.409821774817085,0.409821774817085,1.576095437068343e-23,0.33751633740517456,0.47731950765760134
