,correlation,statistic,pvalue,CI_low,CI_high
train_early_nm,0.2670528515517534,0.2670528515517534,5.800601730942655e-05,0.14001623669852908,0.3854399261022344
test_early_nm,0.34581996464501374,0.34581996464501374,6.900957830297393e-09,0.23533660446282212,0.44747980057306835
train_nm,0.4118298614251571,0.4118298614251571,2.3265178869949324e-19,0.33090104181124086,0.48674506539791557
test_nm,0.40797983652451836,0.40797983652451836,2.589191119133733e-23,0.3355550897440834,0.4756098730398572
