,correlation,statistic,pvalue,CI_low,CI_high
train_early_nm,0.3197891691626371,0.3197891691626371,1.2029877949414408e-06,0.1960936561787473,0.4334668278726866
test_early_nm,0.16097720263626183,0.16097720263626183,0.008531700767582083,0.041509311784708576,0.275906926438293
train_nm,0.47641067364329653,0.47641067364329653,3.371379317388989e-26,0.40059519416498984,0.5457468091519525
test_nm,0.37593503297643427,0.37593503297643427,9.021227495877046e-20,0.30153480442445485,0.4457848113378707
