,correlation,statistic,pvalue,CI_low,CI_high
train_early_nm,-0.03895139116834845,-0.03895139116834845,0.5646226443813523,-0.17004851181396483,0.09350049358245519
test_early_nm,-0.14783961615975824,-0.14783961615975824,0.015817018558513734,-0.26342719525458175,-0.02806712314906687
train_nm,0.06281257681075145,0.06281257681075145,0.18948328322077063,-0.031067698711313145,0.15559427623049668
test_nm,0.020825016212542242,0.020825016212542242,0.6272875560856744,-0.06319773925015627,0.1045546285387452
