,correlation,statistic,pvalue,CI_low,CI_high
train_early_nm,-0.016336201810744765,-0.016336201810744765,0.8091722560758944,-0.14798840114569575,0.11588488430315802
test_early_nm,0.10325513417281834,0.10325513417281834,0.09283979991730065,-0.01723039589479189,0.220784835151288
train_nm,0.26675779528884513,0.26675779528884513,1.4284915041962607e-08,0.17749681251037178,0.35166551495792214
test_nm,0.2875051661744511,0.2875051661744511,7.502845581631192e-12,0.208625996353069,0.3626680370718492
