,correlation,statistic,pvalue,CI_low,CI_high
train_early_nm,0.20056897063722565,0.20056897063722565,0.002742114556457512,0.07046282611118752,0.32396507847910366
test_early_nm,0.09285190303923962,0.09285190303923962,0.1309154259462017,-0.027729314203407837,0.2107696963055342
train_nm,0.47986456573654906,0.47986456573654906,1.3162829995997686e-26,0.40434743577638765,0.5488830732705681
test_nm,0.4139391465968954,0.4139391465968954,5.138218635951423e-24,0.3419026782436521,0.4811392878857064
