,correlation,statistic,pvalue,CI_low,CI_high
train_early_nm,0.16879998171997218,0.16879998171997218,0.011963396042966732,0.03766784993061053,0.2942170329350189
test_early_nm,0.1549673146793576,0.1549673146793576,0.011378821722170997,0.03535470967200165,0.2702027838448729
train_nm,0.3557221522998624,0.3557221522998624,1.642141080022857e-14,0.271059193001828,0.43492347388655916
test_nm,0.3418463965505402,0.3418463965505402,2.062868490359475e-16,0.2655514539313484,0.4138863347401781
