,correlation,statistic,pvalue,CI_low,CI_high
train_early_nm,-0.11376389274700492,-0.11376389274700492,0.09158168409690982,-0.2421003527034323,0.018484880017839187
test_early_nm,-0.02754877206843282,-0.02754877206843282,0.6546759393878071,-0.1473321631888364,0.09303102246270878
train_nm,-0.023111055958328797,-0.023111055958328797,0.6295496467365901,-0.11655609037496846,0.07073955717346475
test_nm,0.00901948755159073,0.00901948755159073,0.8334519419887855,-0.07494955669715572,0.0928615246351494
