,correlation,statistic,pvalue,CI_low,CI_high
train_early_nm,0.0562433674128222,0.0562433674128222,0.4053891392121099,-0.07629417552658413,0.18682788490179889
test_early_nm,0.14784692937322647,0.14784692937322647,0.015811781225413258,0.02807459389269432,0.2634341530431258
train_nm,0.3286972587602145,0.3286972587602145,1.7076954444731912e-12,0.24246735956340001,0.4097744202897912
test_nm,0.29933196671704543,0.29933196671704543,9.146823416276097e-13,0.2209698897739282,0.37385395678452304
