,correlation,statistic,pvalue,CI_low,CI_high
train_early_nm,0.1017897920636842,0.1017897920636842,0.1314128656774562,-0.030592414669202248,0.23066247667743822
test_early_nm,0.019786570134321453,0.019786570134321453,0.7480430212896887,-0.10072468230791798,0.13972560823407426
train_nm,0.41030508977754226,0.41030508977754226,3.2440809970238827e-19,0.3292661423162382,0.48534370817133854
test_nm,0.36694856424224503,0.36694856424224503,7.592143740285484e-19,0.29202823409519557,0.43739289762996675
