,correlation,statistic,pvalue,CI_low,CI_high
train_early_nm,0.28160447392561844,0.28160447392561844,2.148079485208868e-05,0.15540878979701192,0.398756459688747
test_early_nm,0.3524667731198126,0.3524667731198126,3.3734621081608844e-09,0.24247411769265864,0.4535131209996999
train_nm,0.44575103899682744,0.44575103899682744,9.057236746921879e-23,0.36739826418021426,0.5178212869183604
test_nm,0.4495092986177128,0.4495092986177128,1.6376685601538866e-28,0.37992760880472126,0.5140326317666147
