,correlation,statistic,pvalue,CI_low,CI_high
train_early_nm,0.1800241780921451,0.1800241780921451,0.007295823930114602,0.049222354709389585,0.3047550516724153
test_early_nm,0.26318356354114164,0.26318356354114164,1.3670065203626936e-05,0.14758354697021656,0.37168983278572487
train_nm,0.390070413480718,0.390070413480718,2.282661792302312e-17,0.3076159126139413,0.4667102401374287
test_nm,0.3860131887725934,0.3860131887725934,7.63644164375457e-21,0.31221387104630094,0.45518160131562385
