,correlation,statistic,pvalue,CI_low,CI_high
train_early_nm,0.3016732048304689,0.3016732048304689,4.9690619111502425e-06,0.17673829446281744,0.4170411330306879
test_early_nm,0.24988381455358805,0.24988381455358805,3.758155659603313e-05,0.1336283167893928,0.35935533198699504
train_nm,0.4492043641627826,0.4492043641627826,3.8712650565139926e-23,0.37112742531731907,0.5209743515769448
test_nm,0.424214421889133,0.424214421889133,2.9257652007435486e-25,0.3528628985520479,0.49066077943184216
