,correlation,statistic,pvalue,CI_low,CI_high
train_early_nm,0.2513215244527061,0.2513215244527061,0.00015952212076421514,0.12344458887336303,0.37098813006896125
test_early_nm,0.1609825913439712,0.1609825913439712,0.00852946188614604,0.0415148343202122,0.2759120373724544
train_nm,0.4566985026093696,0.4566985026093696,5.917512246813813e-24,0.37922883381027495,0.527810157248356
test_nm,0.3971585983304906,0.3971585983304906,4.496725121309223e-22,0.32404558419507634,0.46555557974305944
