,correlation,statistic,pvalue,CI_low,CI_high
train_early_nm,0.3064963373222773,0.3064963373222773,3.4374743109068876e-06,0.18188197886808283,0.4214216273419222
test_early_nm,0.1868251188862393,0.1868251188862393,0.0022158876662543778,0.06808338356451292,0.30034792865455195
train_nm,0.49056391846338954,0.49056391846338954,6.670590459407411e-28,0.41598716270189207,0.5585861709030597
test_nm,0.394270376405212,0.394270376405212,9.465617254304843e-22,0.3209773164191946,0.46286906954126816
