,correlation,statistic,pvalue,CI_low,CI_high
train_early_nm,0.3298448610411994,0.3298448610411994,5.253957973375236e-07,0.2068790658338013,0.4425518125710627
test_early_nm,0.2396326467326176,0.2396326467326176,7.895408238645367e-05,0.12290328952169335,0.34982198250203916
train_nm,0.48473580088612256,0.48473580088612256,3.4302554971176566e-27,0.40964377589709056,0.553303037835283
test_nm,0.4274252586482199,0.4274252586482199,1.1707532869424014e-25,0.35629178811566287,0.4936328220584661
