,correlation,statistic,pvalue,CI_low,CI_high
train_early_nm,0.2751699303096991,0.2751699303096991,3.356076378859584e-05,0.14859483133333232,0.39287414347835176
test_early_nm,0.19191203024247663,0.19191203024247663,0.0016635387525599104,0.07333312118650606,0.3051404647298089
train_nm,0.40322545012285077,0.40322545012285077,1.4854676005950147e-18,0.32168153026940055,0.47883203704910154
test_nm,0.3210434872319783,0.3210434872319783,1.483127273518498e-14,0.24369622353167833,0.39433267959641904
