,correlation,statistic,pvalue,CI_low,CI_high
train_early_nm,0.019465690794070078,0.019465690794070078,0.7735269851297983,-0.11279531925555045,0.15104890836683643
test_early_nm,0.10942686167867009,0.10942686167867009,0.07480680326854415,-0.010989319804791023,0.22671463602909425
train_nm,0.2820657339341043,0.2820657339341043,1.8693980940765327e-09,0.19348180205301188,0.3660878881369029
test_nm,0.2743646524549198,0.2743646524549198,6.944493802859956e-11,0.19494036245211707,0.35021414037937365
