,correlation,statistic,pvalue,CI_low,CI_high
train_early_nm,0.25728204713637604,0.25728204713637604,0.00010954929606499357,0.12971512394717444,0.37647067358450564
test_early_nm,0.17941247655961046,0.17941247655961046,0.0033224924662948905,0.060445225017008664,0.2933539726160165
train_nm,0.39347838841814514,0.39347838841814514,1.1379244214791796e-17,0.3112563295808141,0.4698533075257087
test_nm,0.3127770411087245,0.3127770411087245,7.415913583559698e-14,0.23503337202519173,0.38654418071293545
