,correlation,statistic,pvalue,CI_low,CI_high
train_early_nm,0.161391984227678,0.161391984227678,0.016331466363710533,0.030061007837069605,0.2872451690103366
test_early_nm,0.14459677377500554,0.14459677377500554,0.018294180026233734,0.024755746224345166,0.26034077082044477
train_nm,0.38769629949195855,0.38769629949195855,3.6896651536466904e-17,0.3050812971496471,0.46451952531440344
test_nm,0.36969789192530805,0.36969789192530805,3.9848472371236475e-19,0.2949351111537701,0.43996162994810617
