,correlation,statistic,pvalue,CI_low,CI_high
train_early_nm,0.17886166920519125,0.17886166920519125,0.0076892357883093215,0.04802400774126965,0.3036650272087913
test_early_nm,0.2341970909243457,0.2341970909243457,0.00011553838109006188,0.11722751565372812,0.3447577653307876
train_nm,0.38490170974099613,0.38490170974099613,6.461130937847386e-17,0.3020992787071875,0.4619396108972237
test_nm,0.38478393244356535,0.38478393244356535,1.0368021706713838e-20,0.31091032075695046,0.45403627720775513
