,correlation,statistic,pvalue,CI_low,CI_high
train_early_nm,-0.0005194509355098283,-0.0005194509355098283,0.9938735817145993,-0.132481617831798,0.13146080989746103
test_early_nm,0.10659252202142758,0.10659252202142758,0.08269988130113037,-0.013856672912642972,0.22399247940003386
train_nm,0.27945533250068777,0.27945533250068777,2.6679857686513895e-09,0.19075261562017545,0.36363134997463004
test_nm,0.28772073920566493,0.28772073920566493,7.226772378790496e-12,0.20885077005058905,0.3628721224197279
