,correlation,statistic,pvalue,CI_low,CI_high
train_early_nm,0.05691559006753794,0.05691559006753794,0.3997903820679535,-0.0756236850355899,0.18747864529029468
test_early_nm,0.2004365158638065,0.2004365158638065,0.0010124450581735613,0.08214522350177014,0.3131588074684708
train_nm,0.34183800497241046,0.34183800497241046,1.8884292464451181e-13,0.2563513394693414,0.4220184614546993
test_nm,0.38518066193810974,0.38518066193810974,9.394980427599019e-21,0.311330997470412,0.45440594347893004
