,correlation,statistic,pvalue,CI_low,CI_high
train_early_nm,0.3179094882868107,0.3179094882868107,1.399855304574336e-06,0.19408088596127862,0.4317660312139727
test_early_nm,0.22395853268893165,0.22395853268893165,0.00023110806958693249,0.10655718837027593,0.3352011595268795
train_nm,0.4823876415028359,0.4823876415028359,6.576900911163485e-27,0.40709006423190336,0.5511728935396315
test_nm,0.42351095544478334,0.42351095544478334,3.571242598745528e-25,0.3521119144753008,0.4900094241723651
