,correlation,statistic,pvalue,CI_low,CI_high
train_early_nm,0.15944529935114612,0.15944529935114612,0.017688343388966517,0.028064591103435406,0.28541087680081184
test_early_nm,0.10857306306680771,0.10857306306680771,0.07711730282671547,-0.01185327164868594,0.2258948235352427
train_nm,0.40962901732292173,0.40962901732292173,3.7572897385185517e-19,0.3285413954407929,0.48472223336191417
test_nm,0.36652491478243915,0.36652491478243915,8.380382873975591e-19,0.2915804305793398,0.4369969742314478
