,correlation,statistic,pvalue,CI_low,CI_high
train_early_nm,0.17874500228672163,0.17874500228672163,0.007729741868052743,0.04790376498193163,0.3035556166313698
test_early_nm,0.03894134174642178,0.03894134174642178,0.5271497423320486,-0.08171291532316577,0.15847069034879516
train_nm,0.3052671548181508,0.3052671548181508,6.712130924332809e-11,0.21779938534892007,0.3878704251938965
test_nm,0.21213516849239394,0.21213516849239394,5.657016027840354e-07,0.13054667882984916,0.29086978597647817
