,correlation,statistic,pvalue,CI_low,CI_high
train_early_nm,-0.0032955134569767402,-0.0032955134569767402,0.9611475077902486,-0.13520795860862964,0.12873172250020934
test_early_nm,0.08741847256804666,0.08741847256804666,0.15509568901231172,-0.03320216523646128,0.20552910050511297
train_nm,0.2591359152664077,0.2591359152664077,3.753400814245794e-08,0.16955535142907535,0.34446949899026735
test_nm,0.28337732595863563,0.28337732595863563,1.528670503057038e-11,0.20432358661498828,0.35875877435992853
