,correlation,statistic,pvalue,CI_low,CI_high
train_early_nm,0.11746202747758622,0.11746202747758622,0.08145025901226187,-0.014737679137619936,0.24562568268005827
test_early_nm,0.11403892308617085,0.11403892308617085,0.06327949357446987,-0.00631930189437548,0.23114023890930468
train_nm,0.43913399315590923,0.43913399315590923,4.494187405258917e-22,0.36025971035995813,0.5117741060274361
test_nm,0.41044432722353186,0.41044432722353186,1.3317264528595963e-23,0.33817935687903206,0.477897227536678
