,correlation,statistic,pvalue,CI_low,CI_high
train_early_nm,0.22017262206824018,0.22017262206824018,0.0009839786247301974,0.09084088745412867,0.34220073048872957
test_early_nm,0.13588431521148772,0.13588431521148772,0.026687562501088332,0.01587216251856348,0.25203682471028527
train_nm,0.31122079079561615,0.31122079079561615,2.7217944349616196e-11,0.22405699417631364,0.39344512971711143
test_nm,0.23589208616177676,0.23589208616177676,2.42901062817125e-08,0.15504884306209687,0.3135969873432294
