,correlation,statistic,pvalue,CI_low,CI_high
train_early_nm,0.31684957551851967,0.31684957551851967,1.5240600909204332e-06,0.1929463864069054,0.4308066303975807
test_early_nm,0.36359053655116014,0.36359053655116014,9.806292185439334e-10,0.2544457972620594,0.4635895055480043
train_nm,0.5074971529672234,0.5074971529672234,4.772268224952119e-30,0.4344587483503032,0.5739047364209983
test_nm,0.5006041162209455,0.5006041162209455,5.669132550636024e-36,0.43496323355077743,0.5609525829043496
