,correlation,statistic,pvalue,CI_low,CI_high
train_early_nm,0.16167838278042052,0.16167838278042052,0.016139707105210975,0.03035481144455837,0.28751495435465013
test_early_nm,0.24369042674856534,0.24369042674856534,5.90767027279423e-05,0.12714538231279038,0.35359835516839716
train_nm,0.4077229418385199,0.4077229418385199,5.674419464763733e-19,0.326498604398539,0.48296967867350654
test_nm,0.4161923383213022,0.4161923383213022,2.7641523384982e-24,0.3443043902776657,0.4832285458018653
