,correlation,statistic,pvalue,CI_low,CI_high
train_early_nm,0.09116769350201212,0.09116769350201212,0.17687701591060648,-0.04130046245956053,0.22048615995501686
test_early_nm,0.18654353521858202,0.18654353521858202,0.0022508661574674573,0.06779297866093248,0.3000824724647543
train_nm,0.30485123972476935,0.30485123972476935,7.143585327098732e-11,0.21736250358152853,0.38748075590602277
test_nm,0.3488572031974096,0.3488572031974096,4.533289131764467e-17,0.27293461294313337,0.42046118655713727
