,correlation,statistic,pvalue,CI_low,CI_high
train_early_nm,0.1864114445629386,0.1864114445629386,0.005437585966286059,0.05581325486466784,0.310738237225859
test_early_nm,0.20898408734097643,0.20898408734097643,0.0006028465894924109,0.09099980110260528,0.32118276158869224
train_nm,0.37983058946830606,0.37983058946830606,1.7617107770645694e-16,0.296692181690625,0.45725471319250655
test_nm,0.3752433438838901,0.3752433438838901,1.0653769262368773e-19,0.3008025572166033,0.44513932104745807
