,correlation,statistic,pvalue,CI_low,CI_high
train_early_nm,0.15075803601519033,0.15075803601519033,0.02500695854241431,0.019168151455854914,0.2772139127383424
test_early_nm,0.1994939091816905,0.1994939091816905,0.0010706634897818207,0.0811699028165337,0.31227295779736536
train_nm,0.3668278470207903,0.3668278470207903,2.131533865161613e-15,0.28285228342506924,0.44522260832380045
test_nm,0.3197839904628563,0.3197839904628563,1.901432818230429e-14,0.24237553197343792,0.39314668358050275
