,correlation,statistic,pvalue,CI_low,CI_high
train_early_nm,0.1852486584153921,0.1852486584153921,0.00574043343643186,0.054612549695141156,0.30964974609292073
test_early_nm,0.20429569838383255,0.20429569838383255,0.0008032015259728979,0.08614070657397445,0.3167835733879126
train_nm,0.4061495661524376,0.4061495661524376,7.958897800488435e-19,0.3248129479326223,0.48152257284477995
test_nm,0.3362832706254007,0.3362832706254007,6.682188867023614e-16,0.2596992246433379,0.4086637885042177
