,correlation,statistic,pvalue,CI_low,CI_high
train_early_nm,0.23470021662060556,0.23470021662060556,0.0004338978004534478,0.10601256717156043,0.35565550541310526
test_early_nm,0.06331637426956055,0.06331637426956055,0.30356039821552294,-0.05739222837277586,0.18220044074131636
train_nm,0.311480673891338,0.311480673891338,2.6154247709781835e-11,0.22433030984567182,0.39368833436241457
test_nm,0.25759756468032047,0.25759756468032047,1.0039245418268366e-09,0.1775225027223006,0.3342841286246259
