,correlation,statistic,pvalue,CI_low,CI_high
train_early_nm,0.18787179012645092,0.18787179012645092,0.005077570646861333,0.05732175830481627,0.31210481373548027
test_early_nm,0.26822918741665225,0.26822918741665225,9.18019319431785e-06,0.1528899164726259,0.37635926118921287
train_nm,0.39109225388781926,0.39109225388781926,1.854215905761074e-17,0.30870719465298413,0.46765285444466154
test_nm,0.38325923121352645,0.38325923121352645,1.5123106581057945e-20,0.3092938554830303,0.45261536278181697
