,correlation,statistic,pvalue,CI_low,CI_high
train_early_nm,0.3102300663128826,0.3102300663128826,2.572685522028438e-06,0.1858685450701098,0.42480901828958506
test_early_nm,0.1797919326683635,0.1797919326683635,0.0032554938853558628,0.06083588733658816,0.2937122924462142
train_nm,0.4680788779270168,0.4680788779270168,3.1205280402993615e-25,0.39155414629865937,0.5381732212372263
test_nm,0.4145725171014067,0.4145725171014067,4.318495734888077e-24,0.3425777026242926,0.48172665386204355
