,correlation,statistic,pvalue,CI_low,CI_high
train_early_nm,-0.04133270008383671,-0.04133270008383671,0.5410463066466996,-0.1723637515478533,0.09113566906055653
test_early_nm,-0.06499164723733525,-0.06499164723733525,0.29091946136157676,-0.18382629384650437,0.05571541215267187
train_nm,0.1944398006359493,0.1944398006359493,4.1879094763041486e-05,0.10261180438694885,0.28298172572573765
test_nm,0.20165385532086139,0.20165385532086139,2.0335911751285196e-06,0.11976816248971515,0.2808144449323333
