,correlation,statistic,pvalue,CI_low,CI_high
train_early_nm,-0.14849329990203394,-0.14849329990203394,0.02729698395386915,-0.2750739665309436,-0.016852303039249318
test_early_nm,-0.05468466026912485,-0.05468466026912485,0.3743554813910784,-0.173813042058441,0.06602111290291657
train_nm,-0.02618933145683383,-0.02618933145683383,0.5846332342165282,-0.11959329509293497,0.06767416274934937
test_nm,-0.020886753754640965,-0.020886753754640965,0.6262668867534392,-0.10461571736368251,0.06313622128666986
