,correlation,statistic,pvalue,CI_low,CI_high
train_early_nm,0.21965454001698417,0.21965454001698417,0.0010121796162396043,0.09030094246490927,0.3417199813597971
test_early_nm,0.17774076441463543,0.17774076441463543,0.003632773505223618,0.058724577231753325,0.2917749960789697
train_nm,0.4542620414020917,0.4542620414020917,1.0953597673473675e-23,0.3765936359784932,0.5255887404785424
test_nm,0.40678182763062637,0.40678182763062637,3.569945760782299e-23,0.33427981813805774,0.47449764104868947
