,correlation,statistic,pvalue,CI_low,CI_high
train_early_nm,0.13459537881010883,0.13459537881010883,0.0456450563817396,0.002671584565172218,0.2619143169280173
test_early_nm,0.09535237238434151,0.09535237238434151,0.12081471039648402,-0.025208272285793042,0.2131791477394365
train_nm,0.3951154919134958,0.3951154919134958,8.121404616490997e-18,0.3130059506876269,0.4713624680064656
test_nm,0.3478104975960331,0.3478104975960331,5.697920325505162e-17,0.27183174730765397,0.4194800458558086
