,correlation,statistic,pvalue,CI_low,CI_high
train_early_nm,0.18830989732558373,0.18830989732558373,0.00497381871855272,0.0577744292564967,0.3125146897665884
test_early_nm,0.0722806767883091,0.0722806767883091,0.24005565145661167,-0.048411733096171486,0.1908927389149833
train_nm,0.3964986615608809,0.3964986615608809,6.0986453972524704e-18,0.31448461962169016,0.47263719218337785
test_nm,0.3750656546931486,0.3750656546931486,1.1118150520843011e-19,0.30061446315115736,0.44497348821799243
