,correlation,statistic,pvalue,CI_low,CI_high
train_early_nm,0.1837446839877241,0.1837446839877241,0.0061545112768468,0.05306009007581312,0.3082413827984849
test_early_nm,0.1308107218104371,0.1308107218104371,0.032958978226065916,0.01070763119966849,0.24719322978704217
train_nm,0.3317590169294656,0.3317590169294656,1.0319402990798271e-12,0.2456991361658207,0.41262986153709663
test_nm,0.3193372435942702,0.3193372435942702,2.076024896926524e-14,0.2419071480670786,0.3927259489670346
