,correlation,statistic,pvalue,CI_low,CI_high
train_early_nm,-0.10201428426779587,-0.10201428426779587,0.13055975670820902,-0.23087724375688246,0.03036577760777787
test_early_nm,-0.08409089245982461,-0.08409089245982461,0.17148580194791568,-0.2023162696038601,0.03655031977066324
train_nm,0.2033634231612798,0.2033634231612798,1.7962708706982224e-05,0.11179622855146283,0.29150630865372545
test_nm,0.22422044748578832,0.22422044748578832,1.1912435154503394e-07,0.14299862734394334,0.30244235655010065
