,correlation,statistic,pvalue,CI_low,CI_high
train_early_nm,0.2120413272120052,0.2120413272120052,0.0015218988988812171,0.08237521351052994,0.3346480009956817
test_early_nm,0.13511147617818847,0.13511147617818847,0.027571036640982538,0.015085057652301713,0.25129939590580747
train_nm,0.46286829709126165,0.46286829709126165,1.2169641990351615e-24,0.385907509454763,0.5334310521102927
test_nm,0.4133214378323178,0.4133214378323178,6.085151790401712e-24,0.34124441719934717,0.48056638794552553
