,correlation,statistic,pvalue,CI_low,CI_high
train_early_nm,0.28366394545165474,0.28366394545165474,1.8578379552637662e-05,0.1575922384994298,0.4006371482957819
test_early_nm,0.19830537247839097,0.19830537247839097,0.0011484580391584087,0.07994043980543981,0.31115570661803726
train_nm,0.40438394059550953,0.40438394059550953,1.160947889311009e-18,0.32292193718454787,0.47989815647883033
test_nm,0.32182838448423323,0.32182838448423323,1.2696341548538606e-14,0.2445194014595647,0.3950716489553648
