,correlation,statistic,pvalue,CI_low,CI_high
train_early_nm,,,,,
test_early_nm,,,,,
train_nm,0.14615597529251667,0.14615597529251667,0.002165373702813384,0.05318690980028084,0.2366131216562978
test_nm,0.1399035984967264,0.1399035984967264,0.0010464948107086287,0.05665640506641232,0.2212188883754677
