,correlation,statistic,pvalue,CI_low,CI_high
train_early_nm,0.2993942205569718,0.2993942205569718,5.90071734644649e-06,0.1743102175188279,0.41496943400482267
test_early_nm,0.15435898485777866,0.15435898485777866,0.011709212991315911,0.03473223692801446,0.2696249508153503
train_nm,0.4050071915980438,0.4050071915980438,1.0163604407606822e-18,0.3235893738401511,0.4804716209540927
test_nm,0.3726853912242667,0.3726853912242667,1.9640109598693255e-19,0.29809537783351536,0.4427515861403417
