,correlation,statistic,pvalue,CI_low,CI_high
train_early_nm,0.23320455238951335,0.23320455238951335,0.00047318344866478914,0.10444782057990114,0.3542726027505795
test_early_nm,0.30444338213904404,0.30444338213904404,4.1352791052401885e-07,0.19117175196044417,0.4097129350246722
train_nm,0.4609141109415738,0.4609141109415738,2.0153179503162594e-24,0.3837912698703547,0.5316513954557265
test_nm,0.4834339841049494,0.4834339841049494,2.5247404886279758e-33,0.41641394082463146,0.5452285263214076
