,correlation,statistic,pvalue,CI_low,CI_high
train_early_nm,0.1921280460157838,0.1921280460157838,0.004147136439506132,0.06172177613708189,0.3160848441128158
test_early_nm,0.1999275978639711,0.1999275978639711,0.0010435053031639357,0.08161861490681553,0.31268055722021965
train_nm,0.4134339592263543,0.4134339592263543,1.6368518521062893e-19,0.3326215214086134,0.4882189120632405
test_nm,0.3349291079002471,0.3349291079002471,8.863728006125529e-16,0.258275539849703,0.4073918111416283
