,correlation,statistic,pvalue,CI_low,CI_high
train_early_nm,0.15058399898125055,0.15058399898125055,0.02517688104025487,0.018990136522254692,0.27704950986026877
test_early_nm,0.03712006853013198,0.03712006853013198,0.5466639437054306,-0.08352437678983571,0.15669207034629162
train_nm,0.23848064727033613,0.23848064727033613,4.422502462327342e-07,0.14809234382377268,0.3249177820817976
test_nm,0.17295723270723562,0.17295723270723562,4.848217928246848e-05,0.0903562762866203,0.25319487308758337
