,correlation,statistic,pvalue,CI_low,CI_high
train_early_nm,-0.17462356634882353,-0.17462356634882353,0.00928815565794378,-0.2996884088717923,-0.043658438885436864
test_early_nm,-0.10209796599955018,-0.10209796599955018,0.09657889116032406,-0.2196720588922921,0.01839952230312836
train_nm,0.18136328783451747,0.18136328783451747,0.00013535692665421503,0.0891813403896866,0.27046463851556213
test_nm,0.20394887182579619,0.20394887182579619,1.5453850402755976e-06,0.12212660594960857,0.28301767643390174
