,correlation,statistic,pvalue,CI_low,CI_high
train_early_nm,0.2672355705519707,0.2672355705519707,5.730683934904778e-05,0.14020913502673518,0.3856074428548572
test_early_nm,0.2152070048663378,0.2152070048663378,0.00040793065476284787,0.0974579855123419,0.3270143524046247
train_nm,0.38794404510531055,0.38794404510531055,3.5099714849974866e-17,0.3053457368685924,0.46474817664720286
test_nm,0.3169446262592552,0.3169446262592552,3.3149484609420445e-14,0.23939926445166862,0.39047212106000223
