,correlation,statistic,pvalue,CI_low,CI_high
train_early_nm,-0.11079252184883921,-0.11079252184883921,0.10043045772311372,-0.23926536945688498,0.021492985128518886
test_early_nm,-0.07570627175811562,-0.07570627175811562,0.218441098510563,-0.19420948575585356,0.04497478939845383
train_nm,0.2617950023180516,0.2617950023180516,2.688814575574576e-08,0.17232461175661232,0.34698115195659307
test_nm,0.2298948682604597,0.2298948682604597,5.5573328037151046e-08,0.14885409536020225,0.3078681001630914
