,correlation,statistic,pvalue,CI_low,CI_high
train_early_nm,0.20861619537621875,0.20861619537621875,0.0018202410289571876,0.07881482423204421,0.33146185525110394
test_early_nm,0.2819495589920859,0.2819495589920859,2.983812853273865e-06,0.1673530341708866,0.3890289405585466
train_nm,0.45837097031734,0.45837097031734,3.866581381250654e-24,0.38103844858909836,0.5293344484408392
test_nm,0.47050343050906024,0.47050343050906024,1.996018222782132e-31,0.40248149719055093,0.5333582156640412
