,correlation,statistic,pvalue,CI_low,CI_high
train_early_nm,0.22905248089136623,0.22905248089136623,0.0006001756734979574,0.10010731003736566,0.35043078805222494
test_early_nm,0.1596922589865503,0.1596922589865503,0.009080715519505298,0.0401926651061334,0.27468803264809216
train_nm,0.32266187356737563,0.32266187356737563,4.534184118146736e-12,0.2361024307861655,0.4041410732292974
test_nm,0.24086965146318595,0.24086965146318595,1.2012938869653956e-08,0.16019518655628068,0.31834755167514484
