,correlation,statistic,pvalue,CI_low,CI_high
train_early_nm,-0.005053352713947894,-0.005053352713947894,0.9404550399070897,-0.1369332811369254,0.12700259382311554
test_early_nm,-0.057659839236681804,-0.057659839236681804,0.34888493781009616,-0.17670596366731744,0.06304894673812436
train_nm,0.2338373836613828,0.2338373836613828,7.473319657689443e-07,0.14327919497466324,0.3205123995736
test_nm,0.22585247886329468,0.22585247886329468,9.586271358241907e-08,0.14468214778281774,0.30400338488662
