,correlation,statistic,pvalue,CI_low,CI_high
train_early_nm,0.057665926159328924,0.057665926159328924,0.393595895440323,-0.07487514080772686,0.18820488982503372
test_early_nm,0.17786621776249895,0.17786621776249895,0.0036086098518012164,0.05885367840768476,0.29189351167413574
train_nm,0.28084567683830564,0.28084567683830564,2.208534032610114e-09,0.19220605621275888,0.36493988984478637
test_nm,0.3296694777303122,0.3296694777303122,2.620954635674479e-15,0.2527490389268218,0.4024487246708891
