,correlation,statistic,pvalue,CI_low,CI_high
train_early_nm,0.26897478580930173,0.26897478580930173,5.103711297743895e-05,0.14204572531575657,0.3872015645796814
test_early_nm,0.2445171818479894,0.2445171818479894,5.565280450567609e-05,0.1280102134820079,0.35436733564124634
train_nm,0.45762386135097255,0.45762386135097255,4.6774654405759764e-24,0.3802300013505793,0.5286535880975892
test_nm,0.39975450663251993,0.39975450663251993,2.28893935881002e-22,0.3268046292314933,0.46796911622650617
