,correlation,statistic,pvalue,CI_low,CI_high
train_early_nm,0.3032417036452602,0.3032417036452602,4.411059660274357e-06,0.17841028940692505,0.41846627275521503
test_early_nm,0.11482214186336381,0.11482214186336381,0.06147510743228251,-0.005525719140087008,0.23189131232003163
train_nm,0.4457797918556939,0.4457797918556939,8.993723877471237e-23,0.3674293032899559,0.5178475478531724
test_nm,0.33841686823954786,0.33841686823954786,4.2693983037415167e-16,0.26194303581849665,0.41066732580808174
