,correlation,statistic,pvalue,CI_low,CI_high
train_early_nm,0.22569439627361215,0.22569439627361215,0.0007251837061354889,0.09660040709591083,0.34732064034663634
test_early_nm,0.28322648115330845,0.28322648115330845,2.6791730673386695e-06,0.1687015954895532,0.39020602050735415
train_nm,0.4247282606104118,0.4247282606104118,1.3042158252248077e-20,0.3447505028229156,0.49858406612173606
test_nm,0.4168887248706525,0.4168887248706525,2.279985822859041e-24,0.345046869891145,0.4838741114510224
