,correlation,statistic,pvalue,CI_low,CI_high
train_early_nm,0.22063957725778313,0.22063957725778313,0.0009591816007707276,0.09132761320196668,0.3426339822160694
test_early_nm,0.17683462453466453,0.17683462453466453,0.0038116956977836737,0.05779220757938031,0.29091886305615505
train_nm,0.3580979516151407,0.3580979516151407,1.0681102940069098e-14,0.2735799090252346,0.43712847249546044
test_nm,0.31672124648650457,0.31672124648650457,3.462256286193721e-14,0.2391651759778677,0.39026165396449175
