,correlation,statistic,pvalue,CI_low,CI_high
train_early_nm,0.3006146864807663,0.3006146864807663,5.382901962696563e-06,0.17561033798753123,0.41607904139637375
test_early_nm,0.22293991165644508,0.22293991165644508,0.00024719302445841,0.10549708807796544,0.33424913141115353
train_nm,0.4318737564127698,0.4318737564127698,2.5036703096697906e-21,0.35243788769321943,0.5051308346082822
test_nm,0.3514181990348114,0.3514181990348114,2.58150616525448e-17,0.27563385838569676,0.42286105751106906
