,correlation,statistic,pvalue,CI_low,CI_high
train_early_nm,0.3595716835689604,0.3595716835689604,3.7942982250773076e-08,0.23893882860903964,0.46927439624553935
test_early_nm,0.2626941582722373,0.2626941582722373,1.420225541725754e-05,0.14706920423735276,0.3712366246933027
train_nm,0.49866424376498186,0.49866424376498186,6.498200458824982e-29,0.4248157151879181,0.5659198835107427
test_nm,0.4463685883514528,0.4463685883514528,4.2956295658009795e-28,0.37656065890916046,0.5111358916472756
