,correlation,statistic,pvalue,CI_low,CI_high
train_early_nm,0.010131367341209422,0.010131367341209422,0.8809513380060512,-0.12200300553395566,0.1419128717036831
test_early_nm,0.1144572622107499,0.1144572622107499,0.062310379922072834,-0.0058954459400730064,0.23154142565782793
train_nm,0.26384461484920535,0.26384461484920535,2.0739632019871523e-08,0.17446011097408634,0.3489162894165128
test_nm,0.26617005443227604,0.26617005443227604,2.622418519071138e-10,0.18642144854549828,0.3424341255242862
