,correlation,statistic,pvalue,CI_low,CI_high
train_early_nm,0.15693694834517743,0.15693694834517743,0.019580639811619976,0.0254937037985104,0.28304598508146217
test_early_nm,0.11826434735097203,0.11826434735097203,0.05404003773570564,-0.0020361664699821754,0.23519058660630948
train_nm,0.2973542232967464,0.2973542232967464,2.1592471852007302e-10,0.20949356144014053,0.38045176286144705
test_nm,0.2664507427748473,0.2664507427748473,2.5075938254284347e-10,0.18671304742501077,0.3427007863089999
