,correlation,statistic,pvalue,CI_low,CI_high
train_early_nm,0.02140110071304728,0.02140110071304728,0.7517123627629637,-0.11088331922474579,0.15294039542203
test_early_nm,0.1281957024884931,0.1281957024884931,0.0366545119547979,0.00804824092804563,0.2446944822383722
train_nm,0.30729778012244924,0.30729778012244924,4.9448119191276496e-11,0.21993287985029783,0.3897724865001816
test_nm,0.31327397404149554,0.31327397404149554,6.741501240959081e-14,0.23555378597167137,0.38701267953508245
