,correlation,statistic,pvalue,CI_low,CI_high
train_early_nm,0.19087959243232733,0.19087959243232733,0.004402700360135956,0.06043062846712733,0.31491786557234747
test_early_nm,0.18679316927473094,0.18679316927473094,0.0022198314027780473,0.06805043204818338,0.3003178098157609
train_nm,0.40911774890358465,0.40911774890358465,4.197718458866535e-19,0.3279933812141963,0.4842522031378421
test_nm,0.4033189437875237,0.4033189437875237,8.968490731226296e-23,0.3305950961045349,0.4712814819216666
