,correlation,statistic,pvalue,CI_low,CI_high
train_early_nm,0.17596854318622981,0.17596854318622981,0.008751439952875018,0.0450433259598346,0.3009508735833488
test_early_nm,0.13759453451956685,0.13759453451956685,0.024818563134262075,0.017614479681617074,0.25366820514123667
train_nm,0.4235113574094632,0.4235113574094632,1.7207874620289623e-20,0.34344238218085144,0.49746828804932847
test_nm,0.38942197203909756,0.38942197203909756,3.248403888481362e-21,0.31583012918241016,0.4583564397822582
