,correlation,statistic,pvalue,CI_low,CI_high
train_early_nm,0.2865040754909595,0.2865040754909595,1.517927813894237e-05,0.16060536372432777,0.4032291104504206
test_early_nm,0.11826070055527578,0.11826070055527578,0.054047500924621975,-0.0020398649779548076,0.2351870926623191
train_nm,0.43129716304310484,0.43129716304310484,2.8645074605075272e-21,0.3518171696473734,0.5046028670204863
test_nm,0.3441538364926657,0.3441538364926657,1.2581067597142747e-16,0.2679804572162053,0.4160511206164406
