,correlation,statistic,pvalue,CI_low,CI_high
train_early_nm,0.1456891855922643,0.1456891855922643,0.0303793831819794,0.01398685905270967,0.2724226235697506
test_early_nm,0.2391316177844432,0.2391316177844432,8.180452334502463e-05,0.12237979849470275,0.34935545143614954
train_nm,0.3959238177346637,0.3959238177346637,6.870746419106227e-18,0.31387003805736313,0.4721074568675225
test_nm,0.4126494886156095,0.4126494886156095,7.311514043878064e-24,0.34052843511407854,0.4799431169907829
