,correlation,statistic,pvalue,CI_low,CI_high
train_early_nm,0.142357920429732,0.142357920429732,0.03442266831513324,0.01058554380174746,0.2692703462141382
test_early_nm,0.16510913472079225,0.16510913472079225,0.006960810081342456,0.045746004028721414,0.2798239612931209
train_nm,0.36201147032787057,0.36201147032787057,5.217884778568755e-15,0.2777346735582009,0.4407585707546053
test_nm,0.35802433316886767,0.35802433316886767,5.8976796500528264e-18,0.28260213171065535,0.4290469440853869
