,correlation,statistic,pvalue,CI_low,CI_high
train_early_nm,0.11384739126721201,0.11384739126721201,0.09134231892824449,-0.01840031463035998,0.2421799869507362
test_early_nm,0.061893479909833425,0.061893479909833425,0.31457787303034673,-0.05881589882564644,0.18081901042110723
train_nm,0.3119084411477481,0.3119084411477481,2.449108441639809e-11,0.2247802169604859,0.39408862384961024
test_nm,0.2774167924147698,0.2774167924147698,4.185171082266628e-11,0.19811636210557773,0.35310919321855244
