,correlation,statistic,pvalue,CI_low,CI_high
train_early_nm,0.03701368469785119,0.03701368469785119,0.5841622117991083,-0.09542368425309522,0.16816349821671883
test_early_nm,0.1163662223438199,0.1163662223438199,0.05804185676738692,-0.003960762411068759,0.23337161091977995
train_nm,0.3490677680391416,0.3490677680391416,5.374322489012089e-14,0.26400508677570905,0.42874242585956235
test_nm,0.34357921650065687,0.34357921650065687,1.4235239314151105e-16,0.26737547383310845,0.4155121018470662
