,correlation,statistic,pvalue,CI_low,CI_high
train_early_nm,0.06195858358166286,0.06195858358166286,0.3592797676682061,-0.07058986103535082,0.192356977204577
test_early_nm,0.03901256862670573,0.03901256862670573,0.5263938193059025,-0.08164205596272113,0.1585402333762371
train_nm,0.3927173004506448,0.3927173004506448,1.3302573535034151e-17,0.3104431220315537,0.469151548093575
test_nm,0.3760063135906432,0.3760063135906432,8.867709726199541e-20,0.3016102696613944,0.44585132689988255
