,correlation,statistic,pvalue,CI_low,CI_high
train_early_nm,0.18474676047123106,0.18474676047123106,0.005875756386717735,0.05409440131809724,0.3091798156368008
test_early_nm,0.15793171885556612,0.15793171885556612,0.009883790510672275,0.03838936126121864,0.2730173891167408
train_nm,0.3830625673519965,0.3830625673519965,9.314816007937496e-17,0.3001376717347859,0.46024103648484044
test_nm,0.32573613400522067,0.32573613400522067,5.816641305409137e-15,0.248619397237264,0.3987493281787055
