,correlation,statistic,pvalue,CI_low,CI_high
train_early_nm,0.2938829574732334,0.2938829574732334,8.88762657154674e-06,0.16844468425165,0.40995449001615847
test_early_nm,0.15079987610104584,0.15079987610104584,0.013817083560581277,0.031092242360944482,0.26624260301172065
train_nm,0.4577101228678728,0.4577101228678728,4.575876770868284e-24,0.3803233389715034,0.5287322051879624
test_nm,0.3672664694319699,0.3672664694319699,7.049056321117564e-19,0.2923642859853277,0.43768997933814324
