,correlation,statistic,pvalue,CI_low,CI_high
train_early_nm,0.2432942135625645,0.2432942135625645,0.00026088077011714086,0.11501587619716569,0.3635913297387274
test_early_nm,0.17316270079566068,0.17316270079566068,0.004621080750234284,0.05401611828517493,0.2874477093673722
train_nm,0.47326850127107783,0.47326850127107783,7.859414810888979e-26,0.39718380644691115,0.5428919097746648
test_nm,0.40412606822919356,0.40412606822919356,7.242578820049767e-23,0.33145372819256125,0.4720312616628207
