,correlation,statistic,pvalue,CI_low,CI_high
train_early_nm,,,,,
test_early_nm,0.06823775519156346,0.06823775519156346,0.26744054674844403,-0.052464374839340334,0.1869747934337964
train_nm,0.21890847190599227,0.21890847190599227,3.754461024023456e-06,0.1278330457264628,0.30632286461792885
test_nm,0.18872041484635146,0.18872041484635146,9.012176436741068e-06,0.10649453996795716,0.2683826350880973
