,correlation,statistic,pvalue,CI_low,CI_high
train_early_nm,0.2641687836407181,0.2641687836407181,7.016171046237835e-05,0.1369727733391877,0.3827947789695663
test_early_nm,0.23301129331817436,0.23301129331817436,0.0001253973948413213,0.1159903275892533,0.34365212154813013
train_nm,0.4459407748855457,0.4459407748855457,8.646157342387713e-23,0.3676030899265568,0.5179945764575322
test_nm,0.3972222458849277,0.3972222458849277,4.423203854854877e-22,0.32411321673360993,0.46561476799834683
