,correlation,statistic,pvalue,CI_low,CI_high
train_early_nm,0.2795239162750624,0.2795239162750624,2.484475395402931e-05,0.15320423695062346,0.3968555143138436
test_early_nm,0.35370214459089294,0.35370214459089294,2.9478417901679073e-09,0.24380200469800645,0.454633450319569
train_nm,0.4479334530736907,0.4479334530736907,5.299037329388683e-23,0.3697547066701941,0.5198141716862019
test_nm,0.4486159530929991,0.4486159530929991,2.1567204387404276e-28,0.3789697238744823,0.5132088310026566
