,correlation,statistic,pvalue,CI_low,CI_high
train_early_nm,0.0030011929068489342,0.0030011929068489342,0.9646150321970703,-0.12902115750887322,0.13491900423232478
test_early_nm,0.01757580941099386,0.01757580941099386,0.7753952803010319,-0.10291328760882704,0.1375565844135529
train_nm,0.3659185624526104,0.3659185624526104,2.526947741288652e-15,0.28188576274386334,0.44438014021464456
test_nm,0.3951175109666755,0.3951175109666755,7.614940332847443e-22,0.32187710019642446,0.4636571713490765
