,correlation,statistic,pvalue,CI_low,CI_high
train_early_nm,0.17425797136901358,0.17425797136901358,0.009439000295373685,0.04328208238586284,0.29934516681810425
test_early_nm,0.23769873564567998,0.23769873564567998,9.04994958912767e-05,0.12088303599988551,0.3480209273570771
train_nm,0.38373407118961234,0.38373407118961234,8.152403336076146e-17,0.3008538083059276,0.46086128193140624
test_nm,0.3869212817928819,0.3869212817928819,6.087270220779581e-21,0.3131770260207967,0.4560275438052281
