,correlation,statistic,pvalue,CI_low,CI_high
train_early_nm,-0.11609667506906789,-0.11609667506906789,0.08508016759301144,-0.24432452448622985,0.016121579324504386
test_early_nm,-0.11539511544993006,-0.11539511544993006,0.06018209054880338,-0.23244068116195052,0.004945067627262769
train_nm,0.23549850542608625,0.23549850542608625,6.20214084796539e-07,0.14500060098508336,0.3220888505339662
test_nm,0.20468309217274688,0.20468309217274688,1.4145076672735632e-06,0.12288131295236429,0.283722356833532
