,correlation,statistic,pvalue,CI_low,CI_high
train_early_nm,0.37905661391570356,0.37905661391570356,5.820165019624335e-09,0.2600965861722187,0.4866818120935342
test_early_nm,0.24698705576585178,0.24698705576585178,4.650366860738154e-05,0.13059489278004158,0.35666372726941453
train_nm,0.5046805543334789,0.5046805543334789,1.1064918210601091e-29,0.43138200159560075,0.5713599326934806
test_nm,0.4408436023608313,0.4408436023608313,2.2869542932947488e-27,0.3706421554632931,0.5060365128940868
