,correlation,statistic,pvalue,CI_low,CI_high
train_early_nm,0.2983569260584828,0.2983569260584828,6.377706900750881e-06,0.17320556602269532,0.41402608968306154
test_early_nm,0.27066630169400185,0.27066630169400185,7.552190658624531e-06,0.155455359183383,0.37861270145867615
train_nm,0.4899817694128628,0.4899817694128628,7.867099996366037e-28,0.41535321888837434,0.5580587063367815
test_nm,0.457358765676795,0.457358765676795,1.406981194500567e-29,0.38835057866484113,0.5212659230011882
