,correlation,statistic,pvalue,CI_low,CI_high
train_early_nm,0.2638251198635311,0.2638251198635311,7.176012544098531e-05,0.13661027615029633,0.3824794551017738
test_early_nm,0.15586508581401484,0.15586508581401484,0.01090626406845041,0.03627352246774715,0.2710553962867024
train_nm,0.4676953709981321,0.4676953709981321,3.4520483206227756e-25,0.39113834837835465,0.5378243413793782
test_nm,0.38712950850843725,0.38712950850843725,5.7783032817978296e-21,0.31339789988475714,0.4562215017380377
