,correlation,statistic,pvalue,CI_low,CI_high
train_early_nm,0.1892034915220463,0.1892034915220463,0.004768080822007185,0.05869789512688127,0.31335055834433484
test_early_nm,0.20295556950424878,0.20295556950424878,0.0008708578119308119,0.08475281547045457,0.3155252196282748
train_nm,0.40142387963487186,0.40142387963487186,2.175241836032465e-18,0.31975312728944333,0.4771736697685488
test_nm,0.3365759612742566,0.3365759612742566,6.28519900394976e-16,0.26000698565025854,0.4089386785434687
