,correlation,statistic,pvalue,CI_low,CI_high
train_early_nm,0.22747085460581976,0.22747085460581976,0.0006563383280057679,0.09845519250491024,0.3489662711341278
test_early_nm,0.2881078380126316,0.2881078380126316,1.7663081216144759e-06,0.17386076643690682,0.39470248419454845
train_nm,0.42454213038804867,0.42454213038804867,1.3607971431113284e-20,0.34455040040267026,0.4984134192452925
test_nm,0.4168085723910151,0.4168085723910151,2.3311365509906846e-24,0.3449614076273932,0.48379981205168826
