,correlation,statistic,pvalue,CI_low,CI_high
train_early_nm,0.2928177087582689,0.2928177087582689,9.6105092889014e-06,0.1673119836759557,0.4089843627382508
test_early_nm,0.3617229137694451,0.3617229137694451,1.2107169553936033e-09,0.2524334743230307,0.4618995371519394
train_nm,0.4498663801398133,0.4498663801398133,3.285521931602275e-23,0.3718426079237826,0.5215785827883767
test_nm,0.4500106869030014,0.4500106869030014,1.4026962354436516e-28,0.38046528508343286,0.5144949360590468
