,correlation,statistic,pvalue,CI_low,CI_high
train_early_nm,0.12946068213892764,0.12946068213892764,0.054636928058452904,-0.0025542055414030486,0.2570403736161481
test_early_nm,0.08279684432885231,0.08279684432885231,0.17819647487323798,-0.03785163797631729,0.20106615814697318
train_nm,0.4141891561008897,0.4141891561008897,1.3862314650988798e-19,0.33343169622068075,0.4889126400497828
test_nm,0.38905398216338394,0.38905398216338394,3.564133422727512e-21,0.31543963870807584,0.4580137897396376
