,correlation,statistic,pvalue,CI_low,CI_high
train_early_nm,0.35209969176598443,0.35209969176598443,7.537530083528285e-08,0.23085561929444479,0.4625763869737391
test_early_nm,0.25564109305559746,0.25564109305559746,2.4421881418662323e-05,0.13966369016594957,0.36469946697610917
train_nm,0.49185578938695834,0.49185578938695834,4.620302765797955e-28,0.4173942324735933,0.5597564927588895
test_nm,0.4580006879389903,0.4580006879389903,1.1478534755790623e-29,0.38903991188842824,0.5218570490794672
