,correlation,statistic,pvalue,CI_low,CI_high
train_early_nm,0.20146981160558597,0.20146981160558597,0.002621138261683569,0.07139687886273215,0.3248050709182546
test_early_nm,0.11865971101904427,0.11865971101904427,0.053235980988787034,-0.0016351769467677644,0.2355693610889187
train_nm,0.4557294056550547,0.4557294056550547,7.564172069269924e-24,0.3781805392759821,0.5269267102391897
test_nm,0.3686320698092152,0.3686320698092152,5.119877747393685e-19,0.2938080481548916,0.4389659550511255
