,correlation,statistic,pvalue,CI_low,CI_high
train_early_nm,0.021804620414287802,0.021804620414287802,0.7471882355195616,-0.11048455692116248,0.15333463612821102
test_early_nm,-0.02284827460889337,-0.02284827460889337,0.7106840324359724,-0.1427276112203032,0.09769173374734552
train_nm,0.37789485278695883,0.37789485278695883,2.5717432960389253e-16,0.29462960151596,0.45546527060654973
test_nm,0.36307148466009787,0.36307148466009787,1.8646419029295297e-18,0.2879313306253323,0.43376853752378425
