,correlation,statistic,pvalue,CI_low,CI_high
train_early_nm,0.3055469900343719,0.3055469900343719,3.6979830113370152e-06,0.1808689973375104,0.42055982916270424
test_early_nm,0.22792369022029993,0.22792369022029993,0.00017734009480638484,0.11068635429616142,0.3389049305858279
train_nm,0.43181742553454516,0.43181742553454516,2.536849136384321e-21,0.352377242928919,0.5050792566921101
test_nm,0.3520945904531424,0.3520945904531424,2.2228635107582036e-17,0.2763469628361727,0.4234947265635149
