,correlation,statistic,pvalue,CI_low,CI_high
train_early_nm,0.04240892192616129,0.04240892192616129,0.5305537330735933,-0.09006640684607811,0.17340963892886885
test_early_nm,0.15494685369563702,0.15494685369563702,0.011389799173036666,0.03533377148708414,0.2701833499602437
train_nm,0.34762407662092376,0.34762407662092376,6.925291139680184e-14,0.2624758746361027,0.42740044094334195
test_nm,0.3755275421813884,0.3755275421813884,9.950469590607125e-20,0.3011034092392174,0.4454045461675937
