,correlation,statistic,pvalue,CI_low,CI_high
train_early_nm,0.3227254989730251,0.3227254989730251,9.474177637129463e-07,0.19923997783181405,0.4361220953358045
test_early_nm,0.2729042073508452,0.2729042073508452,6.302292378260617e-06,0.157812473285654,0.3806808200345207
train_nm,0.46285160344219844,0.46285160344219844,1.2222362276978005e-24,0.3858894280324596,0.5334158520258401
test_nm,0.4346711751832433,0.4346711751832433,1.4288372297973136e-26,0.3640368325895958,0.5003341723121283
