,correlation,statistic,pvalue,CI_low,CI_high
train_early_nm,0.3513492418023462,0.3513492418023462,8.067619455919539e-08,0.23004470544170585,0.4619029743613585
test_early_nm,0.2489383966208382,0.2489383966208382,4.0298684121953775e-05,0.1326380557774985,0.3584770705577106
train_nm,0.49481176514606695,0.49481176514606695,1.9822737173814962e-28,0.4206151425356814,0.5624333291829858
test_nm,0.4314391804359359,0.4314391804359359,3.674208726303613e-26,0.36058099772962426,0.49734604947743444
