,correlation,statistic,pvalue,CI_low,CI_high
train_early_nm,0.2829770159402544,0.2829770159402544,1.9502518399267436e-05,0.15686381979958447,0.40000996073613587
test_early_nm,0.10576466525907897,0.10576466525907897,0.08512788084574247,-0.01469379864050476,0.22319704336369325
train_nm,0.4228524709512944,0.4228524709512944,1.9984881161650524e-20,0.3427342360921899,0.49686405317789084
test_nm,0.33788297673623846,0.33788297673623846,4.777395718540088e-16,0.26138148793667376,0.4101660448226616
