,correlation,statistic,pvalue,CI_low,CI_high
train_early_nm,0.16557736325231318,0.16557736325231318,0.013718111615322041,0.0343568616920475,0.29118578017946956
test_early_nm,0.16452483547977825,0.16452483547977825,0.0071659882401844165,0.04514662979474046,0.2792702825673082
train_nm,0.398993870290165,0.398993870290165,3.625272132553598e-18,0.3171531140355284,0.4749359620449657
test_nm,0.3822013077821743,0.3822013077821743,1.9628644675658795e-20,0.3081725121180954,0.4516292454488587
