,correlation,statistic,pvalue,CI_low,CI_high
train_early_nm,0.14398102806098628,0.14398102806098628,0.03239893748709713,0.012242401435855796,0.27080658457165263
test_early_nm,-0.011890524342419821,-0.011890524342419821,0.846941650785157,-0.1319733420681919,0.10853624417369287
train_nm,0.34333169456074886,0.34333169456074886,1.4604830018842418e-13,0.25793174728701646,0.42340837496035194
test_nm,0.27261770819801606,0.27261770819801606,9.253257791528645e-11,0.19312327417700223,0.34855645524244827
