,correlation,statistic,pvalue,CI_low,CI_high
train_early_nm,0.04735369769954305,0.04735369769954305,0.48369985614939986,-0.08514967931249014,0.17821124626781815
test_early_nm,-0.015405988042734195,-0.015405988042734195,0.8025134247791768,-0.13542660752078506,0.10506022999862268
train_nm,0.3868747657558579,0.3868747657558579,4.3526979331118444e-17,0.3042044962930634,0.46376123562061394
test_nm,0.3613770538947182,0.3613770538947182,2.7509207626866437e-18,0.2861416917574615,0.43218383600473054
