,correlation,statistic,pvalue,CI_low,CI_high
train_early_nm,0.16263379539481654,0.16263379539481654,0.015514149341806581,0.03133509113429953,0.288414801662824
test_early_nm,0.07700089305403161,0.07700089305403161,0.2106458348241,-0.04367513482922106,0.19546226543403836
train_nm,0.4067437732905876,0.4067437732905876,7.005735130863537e-19,0.3254494987433269,0.48206914072093326
test_nm,0.345579825814502,0.345579825814502,9.249212277669549e-17,0.2694820565474835,0.41738854294991157
