,correlation,statistic,pvalue,CI_low,CI_high
train_early_nm,0.0053227092386243235,0.0053227092386243235,0.9372874769273092,-0.12673756573234765,0.13719758439246568
test_early_nm,-0.031042693763137424,-0.031042693763137424,0.6142415868116058,-0.15075140712443194,0.08956324708394911
train_nm,0.36797326935726365,0.36797326935726365,1.7189430064659394e-15,0.28407004864551466,0.44628366471534797
test_nm,0.3608980955375816,0.3608980955375816,3.069255170865398e-18,0.2856359164237378,0.43173581510831555
