,correlation,statistic,pvalue,CI_low,CI_high
train_early_nm,-0.10111556968785589,-0.10111556968785589,0.13400083560757206,-0.23001738648827832,0.03127299692051943
test_early_nm,-0.06984605775538053,-0.06984605775538053,0.25630123292588836,-0.1885338321985871,0.05085268160032399
train_nm,0.21839189574305262,0.21839189574305262,3.962357174281298e-06,0.1272993615556484,0.3058311763498681
test_nm,0.18033593200203266,0.18033593200203266,2.2452744395015705e-05,0.09790515359207584,0.2603091472044282
