,correlation,statistic,pvalue,CI_low,CI_high
train_early_nm,0.20646406830929287,0.20646406830929287,0.002034064068431022,0.07657940302668033,0.3294584568537106
test_early_nm,0.17381891069407837,0.17381891069407837,0.004465958088627162,0.05469069363314245,0.28806826001714714
train_nm,0.39722618509560187,0.39722618509560187,5.242851049519689e-18,0.315262533904807,0.4733075474177932
test_nm,0.3513442095573404,0.3513442095573404,2.624034747591259e-17,0.2755558579837337,0.42279173713173496
