,correlation,statistic,pvalue,CI_low,CI_high
train_early_nm,0.18872227421779456,0.18872227421779456,0.004877903896412459,0.05820056360814779,0.3129004512746204
test_early_nm,0.17784965864608857,0.17784965864608857,0.0036117909659042972,0.05883663757100815,0.2918778685015485
train_nm,0.39431404392624714,0.39431404392624714,9.581726345160977e-18,0.3121493497925391,0.4706237106194065
test_nm,0.31417582393496546,0.31417582393496546,5.667731107011428e-14,0.2364983638234198,0.38786282905428465
