,correlation,statistic,pvalue,CI_low,CI_high
train_early_nm,0.2657372780210877,0.2657372780210877,6.328204446273189e-05,0.13862765679182606,0.38423357807492653
test_early_nm,0.24406986340189207,0.24406986340189207,5.748139832627213e-05,0.12754227185912323,0.3539512947841007
train_nm,0.42016814828478366,0.42016814828478366,3.66384123715577e-20,0.33985016901864284,0.494401640760746
test_nm,0.4088256835352641,0.4088256835352641,2.0622063031056058e-23,0.33645564753858875,0.4763950275687244
