,correlation,statistic,pvalue,CI_low,CI_high
train_early_nm,0.2616259616633232,0.2616259616633232,8.282680310305207e-05,0.13429140628009203,0.380460993874136
test_early_nm,0.21172227720864353,0.21172227720864353,0.0005083534083047174,0.09384029029267,0.3237498097685635
train_nm,0.38495679694998824,0.38495679694998824,6.390496818438043e-17,0.30215804487473646,0.4619904790057457
test_nm,0.3140782054335967,0.3140782054335967,5.775338010092521e-14,0.23639611325368814,0.3877708127821499
