,correlation,statistic,pvalue,CI_low,CI_high
train_early_nm,-0.10287628291925127,-0.10287628291925127,0.12732361718202048,-0.23170178349686824,0.029495416698998498
test_early_nm,-0.07170575571143048,-0.07170575571143048,0.24382526805092278,-0.19033582038740135,0.04898827888848975
train_nm,0.22118334537419515,0.22118334537419515,2.9566528103950165e-06,0.13018388633473232,0.3084875831293802
test_nm,0.17746022457920652,0.17746022457920652,3.042107783123487e-05,0.0949619940632579,0.2575375267480095
