,correlation,statistic,pvalue,CI_low,CI_high
train_early_nm,0.22207289166440666,0.22207289166440666,0.0008866128550394956,0.09282199912342785,0.3439635201654379
test_early_nm,0.3069031358640303,0.3069031358640303,3.2973083820379237e-07,0.19378450274611947,0.41196823301192903
train_nm,0.36606315620143887,0.36606315620143887,2.4595733134154428e-15,0.2820394467330471,0.44451411814084485
test_nm,0.36828538467731436,0.36828538467731436,5.553640402365046e-19,0.2934414877420561,0.4386420498093076
