,correlation,statistic,pvalue,CI_low,CI_high
train_early_nm,0.2694526115200031,0.2694526115200031,4.9431171304489956e-05,0.14255045656626406,0.3876394040764107
test_early_nm,0.15065770198048364,0.15065770198048364,0.013907800982103667,0.03094690305417459,0.2661074308052645
train_nm,0.3911101595291315,0.3911101595291315,1.8474619559397745e-17,0.3087263190491881,0.46766937026004596
test_nm,0.3705325710960798,0.3705325710960798,3.2725480038653625e-19,0.29581789528228664,0.44074125400191594
