,correlation,statistic,pvalue,CI_low,CI_high
train_early_nm,0.0366572740150044,0.0366572740150044,0.5877899598067853,-0.09577731736417285,0.1678166750943191
test_early_nm,0.14108206575283952,0.14108206575283952,0.021353983928969568,0.021169725295103015,0.2569929207418423
train_nm,0.28582504878712883,0.28582504878712883,1.1127391365617852e-09,0.19741459293464655,0.3696235636887753
test_nm,0.2947154335361472,0.2947154335361472,2.104123109506931e-12,0.21614852275410476,0.3694901663000847
