,correlation,statistic,pvalue,CI_low,CI_high
train_early_nm,0.07351266799287204,0.07351266799287204,0.27654216307507823,-0.0590312762471104,0.2035095569542337
test_early_nm,0.16476858610740264,0.16476858610740264,0.0070797472775798575,0.04539665877057767,0.2795012685891033
train_nm,0.33104589612350593,0.33104589612350593,1.1609785088837295e-12,0.2449462450469157,0.4119649364100481
test_nm,0.3013308469260102,0.3013308469260102,6.347391446862126e-13,0.22305864844756673,0.37574238071928534
