,correlation,statistic,pvalue,CI_low,CI_high
train_early_nm,-0.08814486455045467,-0.08814486455045467,0.19172974726400044,-0.21758503635332685,0.044342198827220826
test_early_nm,-0.0791609457420037,-0.0791609457420037,0.19808860857614352,-0.19755164582222995,0.041505774564258156
train_nm,-0.021747804329246383,-0.021747804329246383,0.6499001802195938,-0.11521046881639045,0.0720965381526382
test_nm,-0.01579903399623939,-0.01579903399623939,0.712614276964013,-0.09957933729274632,0.06820370491348766
