,correlation,statistic,pvalue,CI_low,CI_high
train_early_nm,-0.13346019622128308,-0.13346019622128308,0.04751831405384464,-0.26083734078891635,-0.0015156422355596362
test_early_nm,-0.11713952420114743,-0.11713952420114743,0.05638289215977287,-0.23411276596538888,0.0031767838056400853
train_nm,0.2139483159440048,0.2139483159440048,6.265637179529338e-06,0.12271079616018372,0.30159975477641715
test_nm,0.18848615853821873,0.18848615853821873,9.250111323356762e-06,0.10625439204353598,0.26815721961588684
