,correlation,statistic,pvalue,CI_low,CI_high
train_early_nm,0.2526715010390068,0.2526715010390068,0.00014662247374358059,0.12486388507457732,0.3722305820896265
test_early_nm,0.19444983971346522,0.19444983971346522,0.0014379696534336003,0.07595462233448284,0.30752927081902237
train_nm,0.39956821447729324,0.39956821447729324,3.2142072071289818e-18,0.317767528445628,0.47546494347615326
test_nm,0.34773256919035034,0.34773256919035034,5.795550609035955e-17,0.27174964570609156,0.4194069921323994
