,correlation,statistic,pvalue,CI_low,CI_high
train_early_nm,0.20853876577406516,0.20853876577406516,0.0018275636810818135,0.07873437521492038,0.33138979584147515
test_early_nm,0.21405617646893033,0.21405617646893033,0.00043885321563923456,0.0962629004608237,0.3259365349590624
train_nm,0.46364104223002084,0.46364104223002084,9.960074993174143e-25,0.3867445590166259,0.534134610612066
test_nm,0.42500739591623965,0.42500739591623965,2.335601333167362e-25,0.3537095464853731,0.4913949227345567
