,correlation,statistic,pvalue,CI_low,CI_high
train_early_nm,0.24633493214290814,0.24633493214290814,0.0002169463499090239,0.11820647271532002,0.36639499884958465
test_early_nm,0.21162943379971064,0.21162943379971064,0.0005113185147125096,0.09374394679241217,0.3236627962415958
train_nm,0.3786513993243321,0.3786513993243321,2.2189482698663675e-16,0.29543563012211477,0.4561647154522021
test_nm,0.3091839643405104,0.3091839643405104,1.4698009543509456e-13,0.2312718414543198,0.3831555637726157
