,correlation,statistic,pvalue,CI_low,CI_high
train_early_nm,0.2567676016787637,0.2567676016787637,0.00011320138724445039,0.12917351907847582,0.37599781087533585
test_early_nm,0.17226650439709418,0.17226650439709418,0.004840770100344184,0.05309501554862297,0.2866000583531191
train_nm,0.39768094867635984,0.39768094867635984,4.769121971944473e-18,0.31574885190574636,0.4737265312369963
test_nm,0.37748608170231407,0.37748608170231407,6.203657745234112e-20,0.3031771200886212,0.44723199949162185
