,correlation,statistic,pvalue,CI_low,CI_high
train_early_nm,-0.017658943371227545,-0.017658943371227545,0.7940534021391745,-0.1492822938984039,0.11457932949490778
test_early_nm,0.0407519896861816,0.0407519896861816,0.5081060005884644,-0.0799112313563002,0.1602381652816949
train_nm,0.2514089559500261,0.2514089559500261,9.689651946591366e-08,0.1615162629080075,0.33716402477023755
test_nm,0.2698452011494162,0.2698452011494162,1.45313407170901e-10,0.19024056328936104,0.34592463223452224
