,correlation,statistic,pvalue,CI_low,CI_high
train_early_nm,-0.028540084191025394,-0.028540084191025394,0.6730550960777323,-0.15990904035350345,0.103822207952126
test_early_nm,-0.0051070331174398135,-0.0051070331174398135,0.9339298888085689,-0.12530162072484255,0.11523529967446315
train_nm,0.25096211062167717,0.25096211062167717,1.0226260502993166e-07,0.16105173195966396,0.3367412375449001
test_nm,0.21778312431664199,0.21778312431664199,2.76193344056298e-07,0.13636279270300727,0.29628100073395447
