,correlation,statistic,pvalue,CI_low,CI_high
train_early_nm,0.20211476041032908,0.20211476041032908,0.0025375252208117856,0.0720657454967098,0.32540633628317367
test_early_nm,0.20350809581409796,0.20350809581409796,0.0008423510538860851,0.08532497826657069,0.3160440785656464
train_nm,0.4180546336424397,0.4180546336424397,5.88221642430723e-20,0.33758044707200313,0.4924620095224345
test_nm,0.34068290959604175,0.34068290959604175,2.642900132094717e-16,0.26432703796977347,0.41279446956430094
