,correlation,statistic,pvalue,CI_low,CI_high
train_early_nm,0.267270604734256,0.267270604734256,5.71736892637703e-05,0.14024612207511059,0.38563956129647137
test_early_nm,0.15014596960145052,0.15014596960145052,0.014238665538982384,0.03042382000610335,0.2656208630801151
train_nm,0.3979009977850679,0.3979009977850679,4.5552715940481134e-18,0.31598418489086244,0.47392925502568706
test_nm,0.378850438633073,0.378850438633073,4.4553228103613174e-20,0.30462212364164953,0.44850469518671143
