,correlation,statistic,pvalue,CI_low,CI_high
train_early_nm,0.28411506057384056,0.28411506057384056,1.7994190536926325e-05,0.15807067472926775,0.4010489705133931
test_early_nm,0.20719812389686848,0.20719812389686848,0.0006729737776664084,0.0891481475671613,0.3195075351036022
train_nm,0.46412302982117937,0.46412302982117937,8.787715423282977e-25,0.38726671964837406,0.5345733946882465
test_nm,0.39914259207006914,0.39914259207006914,2.685321130720576e-22,0.32615414760787115,0.4674002824910059
