,correlation,statistic,pvalue,CI_low,CI_high
train_early_nm,0.20778666660274336,0.20778666660274336,0.001900102595105518,0.07795303543167732,0.33068978453522524
test_early_nm,0.18008762508222542,0.18008762508222542,0.003204136093298801,0.06114033749381082,0.29399149215341347
train_nm,0.39484935486526423,0.39484935486526423,8.580244764784419e-18,0.31272148418305185,0.47111716050822905
test_nm,0.3363254283490838,0.3363254283490838,6.623525333938065e-16,0.2597435520684168,0.4087033831250369
