,correlation,statistic,pvalue,CI_low,CI_high
train_early_nm,0.254011671652627,0.254011671652627,0.00013478665349494107,0.12627338935019225,0.37346358548477393
test_early_nm,0.23640819356673948,0.23640819356673948,9.90667453652245e-05,0.11953541381575385,0.34681858980033703
train_nm,0.45171572480287286,0.45171572480287286,2.073690308326234e-23,0.3738409647002563,0.523266124390334
test_nm,0.3897681852868243,0.3897681852868243,2.976621220822094e-21,0.3161975342671031,0.4586787940303886
