,correlation,statistic,pvalue,CI_low,CI_high
train_early_nm,0.16030126410271378,0.16030126410271378,0.017080081749157393,0.02894229405261509,0.28621753576073544
test_early_nm,0.15306222249287804,0.15306222249287804,0.012441872207150723,0.03340563616302843,0.2683929206164534
train_nm,0.31129620136344144,0.31129620136344144,2.690501927120855e-11,0.2241363010770198,0.3935157018655922
test_nm,0.2586864032741369,0.2586864032741369,8.488134902678305e-10,0.178652080732279,0.3353199403497844
