,correlation,statistic,pvalue,CI_low,CI_high
train_early_nm,0.28059241288486514,0.28059241288486514,2.3059435834257997e-05,0.1543362558247122,0.3978318945106546
test_early_nm,0.23090540552150488,0.23090540552150488,0.00014487594883923525,0.11379406887626753,0.3416878245897087
train_nm,0.44928291705669754,0.44928291705669754,3.796705465825203e-23,0.3712122819659593,0.521046051659561
test_nm,0.38953423584540914,0.38953423584540914,3.1576963222166676e-21,0.3159492622787301,0.45846096900826616
