,correlation,statistic,pvalue,CI_low,CI_high
train_early_nm,0.17702080087069183,0.17702080087069183,0.008350912755739142,0.04612715884122301,0.30193827164000836
test_early_nm,0.1583188879486609,0.1583188879486609,0.009701975602765757,0.038785867957770885,0.2733848481558812
train_nm,0.45710787286373256,0.45710787286373256,5.333310267469121e-24,0.37967171881337713,0.5281833006500826
test_nm,0.41334659362171966,0.41334659362171966,6.043420800484496e-24,0.34127122307326174,0.4805897200457588
