,correlation,statistic,pvalue,CI_low,CI_high
train_early_nm,0.22548385936319876,0.22548385936319876,0.0007337702728567587,0.09638064666457492,0.34712555879449825
test_early_nm,0.17968557862486306,0.17968557862486306,0.0032741477288501463,0.060726388737840684,0.2936118657126027
train_nm,0.40281456660414194,0.40281456660414194,1.6208037845810018e-18,0.32124166055412046,0.47845386132471585
test_nm,0.3398921047147121,0.3398921047147121,3.1258126566617303e-16,0.263494961024466,0.4120522266213919
