,correlation,statistic,pvalue,CI_low,CI_high
train_early_nm,0.16612297939060974,0.16612297939060974,0.01340602287901031,0.03491723708410909,0.2916991739324876
test_early_nm,0.24081713268387367,0.24081713268387367,7.258220840209047e-05,0.12414113659311464,0.35092469448291375
train_nm,0.4291284202236675,0.4291284202236675,4.742233927291493e-21,0.3494830862352045,0.5026165294622015
test_nm,0.4368607581092434,0.4368607581092434,7.491656821642826e-27,0.36637916635758044,0.5023576506806332
