,correlation,statistic,pvalue,CI_low,CI_high
train_early_nm,0.27011894725920504,0.27011894725920504,4.727094033469305e-05,0.1432544227275497,0.38824988936758476
test_early_nm,0.22985014878477783,0.22985014878477783,0.00015566965927058822,0.11269395774656295,0.34070315461556544
train_nm,0.4449020363947939,0.4449020363947939,1.1145670722602656e-22,0.3664818327575518,0.5170458036045791
test_nm,0.3992933945679911,0.3992933945679911,2.5817596501052e-22,0.3263144482978255,0.4675404732382426
