,correlation,statistic,pvalue,CI_low,CI_high
train_early_nm,0.1918073756792379,0.1918073756792379,0.004211470518035419,0.06139009799192183,0.3157851367642517
test_early_nm,0.13233953304765667,0.13233953304765667,0.03094907711966861,0.012263170295363128,0.24865334873958894
train_nm,0.4161236369735677,0.4161236369735677,9.039056876898233e-20,0.33550755051975667,0.49068923374547857
test_nm,0.35556034270079695,0.35556034270079695,1.0270639086865074e-17,0.28000213751660213,0.4267404784618368
