,correlation,statistic,pvalue,CI_low,CI_high
train_early_nm,0.35390522433156446,0.35390522433156446,6.395870943223157e-08,0.23280731429333856,0.46419605068100295
test_early_nm,0.25153775571584236,0.25153775571584236,3.323931899804043e-05,0.13536126620793504,0.36089132140642455
train_nm,0.4960703526060126,0.4960703526060126,1.3791067214549201e-28,0.42198710096744374,0.5635726353585848
test_nm,0.43311253053256543,0.43311253053256543,2.256035653489996e-26,0.3623699971532758,0.49889333128372265
