,correlation,statistic,pvalue,CI_low,CI_high
train_early_nm,0.179596685097019,0.179596685097019,0.007438359179271013,0.048781639082300064,0.3043542515803378
test_early_nm,0.22571986639320726,0.22571986639320726,0.00020557773192461494,0.10839087531603737,0.3368468092061638
train_nm,0.3911944144912078,0.3911944144912078,1.816004582127113e-17,0.3088163097543272,0.4677470846811886
test_nm,0.3903743231562591,0.3903743231562591,2.5537584293046698e-21,0.3168408271974802,0.4592431167396654
