,correlation,statistic,pvalue,CI_low,CI_high
train_early_nm,0.17058482494734617,0.17058482494734617,0.011079208262454465,0.03950287639664856,0.2958948034708856
test_early_nm,0.05351193129473117,0.05351193129473117,0.3847016481199672,-0.06719206607914167,0.17267217130876575
train_nm,0.4025474257718489,0.4025474257718489,1.7152290105444515e-18,0.32095569288017395,0.4782079708034514
test_nm,0.33560719879987133,0.33560719879987133,7.695765490137899e-16,0.25898840199719103,0.4080287832344502
