,correlation,statistic,pvalue,CI_low,CI_high
train_early_nm,0.20444288373115593,0.20444288373115593,0.0022554683430225913,0.07448118052671623,0.3275759427755147
test_early_nm,0.14641086581762455,0.14641086581762455,0.016869762848259067,0.02660785343718362,0.26206765200173104
train_nm,0.39244477179486614,0.39244477179486614,1.4066259346026503e-17,0.31015195979163307,0.4689002401923112
test_nm,0.33860562774755415,0.33860562774755415,4.102814627843174e-16,0.26214158574263724,0.41084454528494574
