,correlation,statistic,pvalue,CI_low,CI_high
train_early_nm,0.02408750006778062,0.02408750006778062,0.7217601024242567,-0.10822778950302209,0.15556423240035858
test_early_nm,0.1337593993501529,0.1337593993501529,0.029177044079845768,0.013708380521608242,0.25000894454773454
train_nm,0.27333666845036886,0.27333666845036886,6.053525563632006e-09,0.1843608944957973,0.3578687427129548
test_nm,0.3051703545473258,0.3051703545473258,3.121456025109725e-13,0.22707281451454397,0.3793679879862375
