,correlation,statistic,pvalue,CI_low,CI_high
train_early_nm,0.3124788387230132,0.3124788387230132,2.156520322422169e-06,0.18827157498485741,0.4268476492084587
test_early_nm,0.2245219984871206,0.2245219984871206,0.00022263543282805625,0.10714371373422224,0.3357276908628309
train_nm,0.47928808044056087,0.47928808044056087,1.5411602252264267e-26,0.4037209765049403,0.5483597379723518
test_nm,0.4204071548168626,0.4204071548168626,8.558493145585897e-25,0.34879955612825914,0.4871346591432679
