,correlation,statistic,pvalue,CI_low,CI_high
train_early_nm,0.351008670312964,0.351008670312964,8.31984620503812e-08,0.22967674960724296,0.4615973221427764
test_early_nm,0.19743331173943163,0.19743331173943163,0.0012088058580810672,0.07903857935839677,0.31033575149986864
train_nm,0.5152206507920922,0.5152206507920922,4.566788167466632e-31,0.4429043625297151,0.5808763613592953
test_nm,0.41788434335732116,0.41788434335732116,1.7299236006961093e-24,0.34610854346788766,0.48479694508550564
