,correlation,statistic,pvalue,CI_low,CI_high
train_early_nm,0.2817662694807479,0.2817662694807479,2.1238097011108137e-05,0.15558028058989906,0.3989042454320778
test_early_nm,0.17940983277792963,0.17940983277792963,0.0033229636132580216,0.06044250328622343,0.29335147598466355
train_nm,0.4720385226729261,0.4720385226729261,1.0920574003197143e-25,0.3958490179821513,0.5417739435100307
test_nm,0.410364251150917,0.410364251150917,1.360927028013413e-23,0.33809407169188366,0.4778229213372912
