,correlation,statistic,pvalue,CI_low,CI_high
train_early_nm,0.21068231112902294,0.21068231112902294,0.0016344674208216817,0.08096213407501505,0.3333841446544112
test_early_nm,0.18141370839667234,0.18141370839667234,0.002982723957371773,0.06250596866791261,0.2952433720827126
train_nm,0.3937921267819527,0.3937921267819527,1.0668523836957236e-17,0.31159158791545927,0.4701425611751739
test_nm,0.35509669158054796,0.35509669158054796,1.1394518784725035e-17,0.27951301834425124,0.42630636538563027
