,correlation,statistic,pvalue,CI_low,CI_high
train_early_nm,-0.10544672023819023,-0.10544672023819023,0.11804098757271778,-0.23415942171639964,0.02689885129171654
test_early_nm,-0.054684660269124864,-0.054684660269124864,0.3743554813910784,-0.173813042058441,0.06602111290291655
train_nm,-0.017170461346145374,-0.017170461346145374,0.7200809115796587,-0.11068981086852603,0.07665028618993944
test_nm,-0.025851860327875825,-0.025851860327875825,0.546650042803307,-0.10952658442071038,0.05818668240203085
