,correlation,statistic,pvalue,CI_low,CI_high
train_early_nm,0.07744495607876352,0.07744495607876352,0.2515900252579706,-0.055089333727835185,0.20729751906976918
test_early_nm,0.16604891495865037,0.16604891495865037,0.0066417937293646164,0.046710211023746416,0.28071433180231664
train_nm,0.29367278089588067,0.29367278089588067,3.6742603578259316e-10,0.20563364502967113,0.3769966269846537
test_nm,0.3328387846339825,0.3328387846339825,1.3671911395312754e-15,0.2560785538283974,0.4054277993993324
