,correlation,statistic,pvalue,CI_low,CI_high
train_early_nm,0.0757537395971917,0.0757537395971917,0.26212355642996893,-0.056785208913002684,0.20566885202444035
test_early_nm,0.1071750890108292,0.1071750890108292,0.0810249785155395,-0.01326748207088103,0.22455213801604926
train_nm,0.3486334229285366,0.3486334229285366,5.801122160193257e-14,0.26354496715123926,0.4283387168688191
test_nm,0.33845184364720565,0.33845184364720565,4.238038094835116e-16,0.2619798248119542,0.41070016336572496
