,correlation,statistic,pvalue,CI_low,CI_high
train_early_nm,0.23068403610531213,0.23068403610531213,0.0005469217219136738,0.10181232715711055,0.35194091527659777
test_early_nm,0.0776389608259312,0.0776389608259312,0.2068783374324219,-0.043034436058095295,0.1960795689270293
train_nm,0.3196931294984438,0.3196931294984438,7.272177930113344e-12,0.23297431055150353,0.40136781780384684
test_nm,0.257789259881089,0.257789259881089,9.747495358471592e-10,0.17772135498855057,0.33446650163116737
