,correlation,statistic,pvalue,CI_low,CI_high
train_early_nm,0.2526473096247833,0.2526473096247833,0.00014684479128340363,0.12483844685789279,0.37220832127222175
test_early_nm,0.2081597603857317,0.2081597603857317,0.0006343287614967109,0.0901450529300234,0.3204096334836082
train_nm,0.38240547991814317,0.38240547991814317,1.0609406798174663e-16,0.29943700025668696,0.45963403404371067
test_nm,0.31210707958909,0.31210707958909,8.430779076564009e-14,0.2343318241142528,0.3859124935947641
