,correlation,statistic,pvalue,CI_low,CI_high
train_early_nm,0.21770689720987388,0.21770689720987388,0.001124973151265537,0.08827178965581052,0.3399121137512783
test_early_nm,0.3075526969482186,0.3075526969482186,3.104835240568487e-07,0.19447473456091002,0.41256358753674993
train_nm,0.36499156749853345,0.36499156749853345,3.0039910810563024e-15,0.28090059240972143,0.44352112023491275
test_nm,0.36871392223501054,0.36871392223501054,5.022439517407449e-19,0.2938945963497916,0.4390424264730792
