,seed_0,seed_1,seed_3,seed_4,seed_5,seed_6
all,6209.400911243878,2894.4820863044642,3464.579262030808,10089.88089181609,7977.803436297953,2738.6068056642703
unique_train.N/M,1253.2795990149484,408.68183146695594,403.780455957943,2287.8348433016263,1875.0074650664546,405.96337126933633
unique_train.N/M-early,570.3892998499032,198.52943724195524,193.9539621585339,955.7738043836594,780.1312681915888,195.9930818350058
unique_train.all_fates,1887.8673745299216,879.4501909469586,1022.7035285399727,3029.541096541437,2476.1722729926523,809.6428201368963
unique_test.N/M,1415.4434060116912,437.70686432505465,452.0611105703072,2606.5193789241807,2127.7951865517343,440.28039600643837
unique_test.N/M-early,680.1060056480286,246.78327641551363,253.4725111625448,1129.636660824497,915.872505958341,245.53896262775973
unique_test.all_fates,2458.9921902567517,1205.568994612148,1469.7000800018595,3944.753294351411,3059.7991884202884,1155.154086898884
