,correlation,statistic,pvalue,CI_low,CI_high
train_early_nm,0.2550026559032599,0.2550026559032599,0.00012661624701085098,0.1273159739339121,0.37437505396781934
test_early_nm,0.15600506666186323,0.15600506666186323,0.010834167002382886,0.036416802362817365,0.2711883196855431
train_nm,0.42815706650983465,0.42815706650983465,5.9364859302681004e-21,0.348437998900653,0.5017266212036365
test_nm,0.3841199372475518,0.3841199372475518,1.222358213405527e-20,0.3102063105175756,0.4534175236315147
