,correlation,statistic,pvalue,CI_low,CI_high
train_early_nm,0.08210286283199367,0.08210286283199367,0.2241073323843845,-0.050414639599449806,0.2117794354741154
test_early_nm,0.06680927456279936,0.06680927456279936,0.2776080981188631,-0.05389533996551823,0.18558956676786628
train_nm,0.4082154929274376,0.4082154929274376,5.102273670309166e-19,0.3270264116122334,0.48342261605386616
test_nm,0.3988290023932529,0.3988290023932529,2.9139793400472638e-22,0.3258208201395465,0.46710874866773644
