,correlation,statistic,pvalue,CI_low,CI_high
train_early_nm,0.2504327695737888,0.2504327695737888,0.00016858547061947873,0.12251048303925614,0.37016992987696024
test_early_nm,0.07489351840760741,0.07489351840760741,0.2234390024476551,-0.04579049392068715,0.19342280269213658
train_nm,0.3175017176913063,0.3175017176913063,1.0272262210368558e-11,0.23066640408041097,0.39931974696648276
test_nm,0.26267605040254366,0.26267605040254366,4.558868566121444e-10,0.1827928059584545,0.33911370759279175
