,correlation,statistic,pvalue,CI_low,CI_high
train_early_nm,-0.037052668573453615,-0.037052668573453615,0.5837660407967636,-0.16820143144384586,0.09538500215748946
test_early_nm,-0.03127740896411505,-0.03127740896411505,0.6115648530954746,-0.15098100298959094,0.08933018347956663
train_nm,0.24706339737512417,0.24706339737512417,1.6295481761506254e-07,0.15700040152935194,0.3330509626075825
test_nm,0.20896524074607165,0.20896524074607165,8.388194206599119e-07,0.12728483046926883,0.28783052119848246
