,correlation,statistic,pvalue,CI_low,CI_high
train_early_nm,-0.060720665267749586,-0.060720665267749586,0.36897878891652647,-0.19116007540939564,0.0718261539978824
test_early_nm,-0.08287450236941324,-0.08287450236941324,0.17778835369695606,-0.20114119033969796,0.03777355518614646
train_nm,0.1884685175448753,0.1884685175448753,7.226462919751337e-05,0.09647473603203785,0.2772696390084995
test_nm,0.2035111821676841,0.2035111821676841,1.6288465928468614e-06,0.12167674862355958,0.2825975557635371
