,correlation,statistic,pvalue,CI_low,CI_high
train_early_nm,0.08240931954441671,0.08240931954441671,0.22237700299559346,-0.050106874683407576,0.21207412217758762
test_early_nm,0.23669204572188524,0.23669204572188524,9.711952896894524e-05,0.11983178368677724,0.3470830726793678
train_nm,0.3763306691694528,0.3763306691694528,3.48487179905801e-16,0.29296348779122244,0.45401884277765164
test_nm,0.4507508673689868,0.4507508673689868,1.1154814809948816e-28,0.3812591220807533,0.5151773498004667
