,correlation,statistic,pvalue,CI_low,CI_high
train_early_nm,0.20862945461296814,0.20862945461296814,0.0018189897685112182,0.0788286006904348,0.3314741947390641
test_early_nm,0.1342185151005382,0.1342185151005382,0.02862295164931572,0.014175798604511628,0.2504471808595246
train_nm,0.4689570993395409,0.4689570993395409,2.4751793189295024e-25,0.39250643102478877,0.5389720570365565
test_nm,0.4046428658638018,0.4046428658638018,6.314278161234417e-23,0.3320035691319679,0.47251129019794363
