,correlation,statistic,pvalue,CI_low,CI_high
train_early_nm,0.23366832147709857,0.23366832147709857,0.00046066285397846013,0.10493294225091825,0.35470146386723667
test_early_nm,0.2838083315859923,0.2838083315859923,2.5504221517299808e-06,0.16931623170366109,0.3907422602571761
train_nm,0.42785859055648107,0.42785859055648107,6.359750432162924e-21,0.3481169060069894,0.5014531403933596
test_nm,0.4086039373313546,0.4086039373313546,2.1891176166055375e-23,0.3362195456205241,0.4761892028528251
