,correlation,statistic,pvalue,CI_low,CI_high
train_early_nm,0.22861449745576645,0.22861449745576645,0.0006152661474432152,0.0996497349904241,0.3500252939212382
test_early_nm,0.31671950383876196,0.31671950383876196,1.3081300448770422e-07,0.2042274550350435,0.420955859240859
train_nm,0.37097818253956266,0.37097818253956266,9.73590512653338e-16,0.28726603400097783,0.4490662052702662
test_nm,0.37412891293312805,0.37412891293312805,1.3916378380910075e-19,0.29962296471333727,0.44409917155022277
