,correlation,statistic,pvalue,CI_low,CI_high
train_early_nm,-0.15233299991091068,-0.15233299991091068,0.023513561781906295,-0.2787013548300526,-0.020779493182183313
test_early_nm,-0.016691922879761425,-0.016691922879761425,0.786411167650763,-0.13668906263327843,0.10378798981866239
train_nm,0.165857323343167,0.165857323343167,0.0004914261613479218,0.07329898891653136,0.25558289208763163
test_nm,0.2364639285954135,0.2364639285954135,2.2420497318730125e-08,0.15563985240346123,0.3141429488458152
