,correlation,statistic,pvalue,CI_low,CI_high
train_early_nm,0.3126317517099659,0.3126317517099659,2.1306875119329737e-06,0.1884350312591722,0.42698623070822006
test_early_nm,0.163951715969671,0.163951715969671,0.007372467221672084,0.0445588072155368,0.2787271235546275
train_nm,0.4090166618677173,0.4090166618677173,4.290633183529473e-19,0.3278850353306136,0.4841592645054744
test_nm,0.33497204955819887,0.33497204955819887,8.784860460073747e-16,0.25832068100089806,0.40743215094813956
