,correlation,statistic,pvalue,CI_low,CI_high
train_early_nm,-0.11565093818341313,-0.11565093818341313,0.08629294166907862,-0.24389964462798538,0.01657326171413883
test_early_nm,-0.05694598428584919,-0.05694598428584919,0.3548941728327579,-0.17601203278198832,0.06376227409684242
train_nm,-0.01805027404720141,-0.01805027404720141,0.7063850947919236,-0.1115590286463838,0.07577531243451473
test_nm,-0.013651820336458571,-0.013651820336458571,0.7502718197133506,-0.0974525020153928,0.07034107826878262
