,correlation,statistic,pvalue,CI_low,CI_high
train_early_nm,0.2609381438766505,0.2609381438766505,8.660450926625136e-05,0.13356643315500175,0.37982945909995786
test_early_nm,0.3048391866276947,0.3048391866276947,3.9878663624413423e-07,0.1915920672137277,0.4100759269814829
train_nm,0.4206937521833185,0.4206937521833185,3.255213981201236e-20,0.3404147649681217,0.49488388733965366
test_nm,0.42485194090847356,0.42485194090847356,2.441180656091343e-25,0.3535435600120318,0.49125100836432223
