,correlation,statistic,pvalue,CI_low,CI_high
train_early_nm,0.03198408582436119,0.03198408582436119,0.6362829121847172,-0.10041099580974155,0.16326619139083273
test_early_nm,0.13882246255495648,0.13882246255495648,0.02354716565885147,0.0188659033697844,0.2548391201782805
train_nm,0.28292287837799573,0.28292287837799573,1.6619784102406569e-09,0.19437824950938856,0.366894255144142
test_nm,0.2930387331145919,0.2930387331145919,2.8370762634600394e-12,0.2143983757957555,0.36790444381822096
