,correlation,statistic,pvalue,CI_low,CI_high
train_early_nm,-0.13153534387556926,-0.13153534387556926,0.050841227366697835,-0.2590104602982847,0.00044360547436721854
test_early_nm,-0.11791344950906553,-0.11791344950906553,0.05476208068305866,-0.23485438244353282,0.0023920250352636088
train_nm,0.21669951514603786,0.21669951514603786,4.723240201417802e-06,0.12555130195037906,0.304220005443009
test_nm,0.1910348715712352,0.1910348715712352,6.95450283883159e-06,0.10886772167762376,0.2706092753945295
