,correlation,statistic,pvalue,CI_low,CI_high
train_early_nm,-0.13926029053668582,-0.13926029053668582,0.03858332179337331,-0.2663367089486158,-0.007425510343669984
test_early_nm,0.02200359090367325,0.02200359090367325,0.7209264431000452,-0.09852870778374748,0.1418996186203739
train_nm,0.12361939380129912,0.12361939380129912,0.009605701995702256,0.030272605527077452,0.21482850440252266
test_nm,0.075251433206227,0.075251433206227,0.07894590615945463,-0.008715922649247948,0.1581650156609731
