,correlation,statistic,pvalue,CI_low,CI_high
train_early_nm,0.15926541740619493,0.15926541740619493,0.01781854114098072,0.027880166608136296,0.2852413338261276
test_early_nm,0.12312988483649642,0.12312988483649642,0.0448166643020226,0.0029012985089943506,0.2398494999617497
train_nm,0.3228572048971244,0.3228572048971244,4.394615757547263e-12,0.23630831134309485,0.40432348969106563
test_nm,0.28736046406916976,0.28736046406916976,7.69391092832411e-12,0.20847512302964433,0.3625310419612246
