,correlation,statistic,pvalue,CI_low,CI_high
train_early_nm,0.1603173102821813,0.1603173102821813,0.01706885532817744,0.028958749677469534,0.28623265593443664
test_early_nm,0.2426654197556092,0.2426654197556092,6.359720253450269e-05,0.12607341476805642,0.35264477056971305
train_nm,0.3701413997142937,0.3701413997142937,1.1412640908409437e-15,0.28637585571611546,0.44829149902964366
test_nm,0.3881820070737822,0.3881820070737822,4.438197257757969e-21,0.31451444655551863,0.45720177715871757
