,correlation,statistic,pvalue,CI_low,CI_high
train_early_nm,0.15430358960487667,0.15430358960487667,0.021753803617426497,0.022796561667008126,0.2805615840859182
test_early_nm,0.031651889457006185,0.031651889457006185,0.6073048830767428,-0.08895831070667112,0.15134728901061784
train_nm,0.256769644081573,0.256769644081573,5.03486819980719e-08,0.1670922280921103,0.3422333989160549
test_nm,0.16075987728791585,0.16075987728791585,0.00016170238732243766,0.07789838684545908,0.24141556448322177
