,correlation,statistic,pvalue,CI_low,CI_high
train_early_nm,0.043502609998651735,0.043502609998651735,0.5199970083370661,-0.08897947838449645,0.17447219760609095
test_early_nm,0.03494876078621487,0.03494876078621487,0.5703839885623465,-0.08568294563318848,0.15457059946322071
train_nm,0.2634587742961674,0.2634587742961674,2.178218491474958e-08,0.17405803795490138,0.34855205427272845
test_nm,0.22173384040862282,0.22173384040862282,1.6534254445747997e-07,0.14043447344484364,0.3000631246439635
