,correlation,statistic,pvalue,CI_low,CI_high
train_early_nm,0.2025881195855653,0.2025881195855653,0.002477707260177243,0.07255673356712401,0.32584757063269687
test_early_nm,0.06571566098900344,0.06571566098900344,0.2855668764590896,-0.05499052065933327,0.18452874831821162
train_nm,0.2963259738942545,0.2963259738942545,2.5067817943215805e-10,0.20841518748778126,0.3794869556822066
test_nm,0.2473808892931648,0.2473808892931648,4.670299428515263e-09,0.16693383360604996,0.3245559766047658
