,correlation,statistic,pvalue,CI_low,CI_high
train_early_nm,0.22727197661175166,0.22727197661175166,0.0006637340409608675,0.09824750107316017,0.348782076779467
test_early_nm,0.31174326550537107,0.31174326550537107,2.0989570087745902e-07,0.1989303788279435,0.41640229363842274
train_nm,0.373392221662762,0.373392221662762,6.139921778258537e-16,0.2898349245429091,0.45130050159048907
test_nm,0.3707236769664281,0.3707236769664281,3.12801786901161e-19,0.2960200330890412,0.4409197397015127
