,correlation,statistic,pvalue,CI_low,CI_high
train_early_nm,0.3354049086216057,0.3354049086216057,3.2805951171374846e-07,0.21285545191227817,0.4475652180885037
test_early_nm,0.26995537233808375,0.26995537233808375,7.996292352738954e-06,0.15470683462364432,0.37795548373477006
train_nm,0.48125304950656966,0.48125304950656966,8.991536722866927e-27,0.40585657442352896,0.5501433214698124
test_nm,0.44149036545828874,0.44149036545828874,1.883347592813624e-27,0.3713346897853803,0.5066336893982866
