,correlation,statistic,pvalue,CI_low,CI_high
train_early_nm,0.12169601271593505,0.12169601271593505,0.07098104533344884,-0.010442953891501797,0.24965766588951874
test_early_nm,0.1357250224475613,0.1357250224475613,0.02686764285474964,0.01570991719987583,0.25188484151782337
train_nm,0.3729807972609715,0.3729807972609715,6.643604474848316e-16,0.2893970237055434,0.45091977977213427
test_nm,0.3529745816779456,0.3529745816779456,1.8287906657285923e-17,0.27727484290372795,0.42431903104169166
