,correlation,statistic,pvalue,CI_low,CI_high
train_early_nm,0.04271980949313422,0.04271980949313422,0.5275419628901816,-0.08975747283949634,0.17371170880146186
test_early_nm,0.15846686384972844,0.15846686384972844,0.00963327284402582,0.038937422631175035,0.2735252820105401
train_nm,0.3170288887721903,0.3170288887721903,1.1062949978975536e-11,0.23016856785959208,0.3988777388124947
test_nm,0.29984315404147127,0.29984315404147127,8.333124923262898e-13,0.22150399392868203,0.37433695517800575
