,correlation,statistic,pvalue,CI_low,CI_high
train_early_nm,0.16203315217771747,0.16203315217771747,0.01590489733924493,0.030718785145492238,0.2878491168493064
test_early_nm,0.1663379330256667,0.1663379330256667,0.0065463468363052895,0.04700678596372303,0.2809881148293635
train_nm,0.4187885077775271,0.4187885077775271,4.9924506353058084e-20,0.3383684549150568,0.4931355900258246
test_nm,0.37505981500872054,0.37505981500872054,1.1133746072573592e-19,0.3006082816129622,0.4449680381067805
