,correlation,statistic,pvalue,CI_low,CI_high
train_early_nm,0.1476913013251766,0.1476913013251766,0.028149934893720082,0.016032542851625704,0.2743158582820793
test_early_nm,0.0843322240750842,0.0843322240750842,0.17025539378082494,-0.03630758705897077,0.20254936469377505
train_nm,0.4553924060536589,0.4553924060536589,8.236810352677413e-24,0.3778160456320133,0.5266194590068813
test_nm,0.4057242885917398,0.4057242885917398,4.73515275565637e-23,0.33315429623056575,0.47351564162446724
