,correlation,statistic,pvalue,CI_low,CI_high
train_early_nm,-0.03498662110064097,-0.03498662110064097,0.6049310975772971,-0.1661905303713499,0.09743450508633152
test_early_nm,0.08562440365142346,0.08562440365142346,0.16377903340076996,-0.03500766328455131,0.20379721499172276
train_nm,0.2812491861803209,0.2812491861803209,2.0902460851923726e-09,0.1926279503320839,0.3653195954896787
test_nm,0.2872494594092491,0.2872494594092491,7.84369677160069e-12,0.20835938681629548,0.3624259473307486
