,correlation,statistic,pvalue,CI_low,CI_high
train_early_nm,0.2805571978560104,0.2805571978560104,2.311629155364206e-05,0.15429894197461458,0.397799719644334
test_early_nm,0.20693957676745242,0.20693957676745242,0.0006837289991103702,0.08888015832991138,0.3192649607565305
train_nm,0.4193981499597193,0.4193981499597193,4.355228934370732e-20,0.33902315269872213,0.49369507744947994
test_nm,0.4034310679912129,0.4034310679912129,8.706413954729004e-23,0.33071436845320146,0.4713856457833155
