,correlation,statistic,pvalue,CI_low,CI_high
train_early_nm,0.314475640803711,0.314475640803711,1.8415290158619356e-06,0.1904065976400548,0.42865688188863754
test_early_nm,0.15854878078546927,0.15854878078546927,0.009595425911352208,0.03902132307910162,0.27360302168868145
train_nm,0.40851089659954043,0.40851089659954043,4.786789217030526e-19,0.32734298417075164,0.4836942423973063
test_nm,0.331421553123403,0.331421553123403,1.830713564381714e-15,0.2545894563166167,0.4040958253197396
