,correlation,statistic,pvalue,CI_low,CI_high
train_early_nm,0.32792974027282845,0.32792974027282845,6.166050416157124e-07,0.2048226626983962,0.4408233460947035
test_early_nm,0.23241312760579871,0.23241312760579871,0.00013066478144153722,0.11536637614403533,0.3430942723504015
train_nm,0.4577294882240156,0.4577294882240156,4.553371602678858e-24,0.38034429310060053,0.5287498542342662
test_nm,0.38720021838204965,0.38720021838204965,5.676943383242092e-21,0.3134729063064684,0.4562873647084545
