,correlation,statistic,pvalue,CI_low,CI_high
train_early_nm,0.059048649585379635,0.059048649585379635,0.382332950620335,-0.07349532807789001,0.18954284336948463
test_early_nm,0.14847545763334621,0.14847545763334621,0.015367291034917458,0.028716710949843252,0.264032089665953
train_nm,0.32510993853727893,0.32510993853727893,3.0592517700792864e-12,0.23868326974530887,0.40642680935594144
test_nm,0.29530203891412077,0.29530203891412077,1.894342175864241e-12,0.21676094315957803,0.3700448395941332
