,correlation,statistic,pvalue,CI_low,CI_high
train_early_nm,0.010940160117536402,0.010940160117536402,0.8715265783991902,-0.12120608445637998,0.14270537286753032
test_early_nm,0.08907763440001065,0.08907763440001065,0.1473789189113383,-0.0315317327077392,0.20713009673006785
train_nm,0.2727778378021356,0.2727778378021356,6.517347388554782e-09,0.18377749978573632,0.3573421104037521
test_nm,0.29208251680011416,0.29208251680011416,3.3613554167489553e-12,0.21340049923677962,0.3669999168826221
