,correlation,statistic,pvalue,CI_low,CI_high
train_early_nm,0.18404209812421352,0.18404209812421352,0.006070568162260892,0.053367042160683664,0.30851993292579005
test_early_nm,0.1741582357026824,0.1741582357026824,0.004387598739230094,0.055039558043653916,0.2883891080568496
train_nm,0.4670387629496713,0.4670387629496713,4.102254441206167e-25,0.39042652698550534,0.5372269630940149
test_nm,0.4033533547170039,0.4033533547170039,8.887241773726333e-23,0.3306317005533682,0.47131345002300856
