,correlation,statistic,pvalue,CI_low,CI_high
train_early_nm,0.24263403410951548,0.24263403410951548,0.0002714548972735653,0.11432350582419244,0.3629823287225918
test_early_nm,0.1491479203081977,0.1491479203081977,0.014903877464975342,0.029403821745024677,0.2646717239975879
train_nm,0.31817792023091435,0.31817792023091435,9.236566847640066e-12,0.23137844909247002,0.39995180599916147
test_nm,0.23365723770777563,0.23365723770777563,3.3152451211759097e-08,0.15273964223897693,0.31146279270319827
