,correlation,statistic,pvalue,CI_low,CI_high
train_early_nm,0.18727097847835503,0.18727097847835503,0.005223012808779752,0.05670106148214317,0.3115426425505181
test_early_nm,0.165781195578922,0.165781195578922,0.006731314748474897,0.046435510431116586,0.28046070809312273
train_nm,0.39378111685627915,0.39378111685627915,1.0692709115498805e-17,0.3115798224494458,0.4701324107618659
test_nm,0.30847834124728624,0.30847834124728624,1.6793002755226415e-13,0.23053341025691876,0.3824898593479798
