,correlation,statistic,pvalue,CI_low,CI_high
train_early_nm,0.08631354520910016,0.08631354520910016,0.20116009716560382,-0.046183778743799676,0.2158263364756627
test_early_nm,0.1266935101718588,0.1266935101718588,0.03893196284628251,0.006521328000983212,0.24325838187760804
train_nm,0.32852473973059293,0.32852473973059293,1.7565632632636038e-12,0.24228531754480886,0.40961347917279384
test_nm,0.33070710550716464,0.33070710550716464,2.1197681232623927e-15,0.2538389180827209,0.4034242403852965
