,correlation,statistic,pvalue,CI_low,CI_high
train_early_nm,0.008232112229657364,0.008232112229657364,0.9031467431837057,-0.1238737132906604,0.14005120915163685
test_early_nm,0.06486288781344356,0.06486288781344356,0.2918783525931657,-0.05584431434903809,0.18370135583562694
train_nm,0.297130051314588,0.297130051314588,2.2307692953754795e-10,0.20925844342288324,0.3802414375416646
test_nm,0.3118586796331012,0.3118586796331012,8.840660985168093e-14,0.23407173353429284,0.38567826695450436
