,correlation,statistic,pvalue,CI_low,CI_high
train_early_nm,0.24549058446686847,0.24549058446686847,0.00022839823429829468,0.11732024148459659,0.36561669372326167
test_early_nm,0.15651418161012834,0.15651418161012834,0.010575487038700067,0.0369379575170295,0.27167172941533707
train_nm,0.4574193930248515,0.4574193930248515,4.927241663757209e-24,0.3800087666141086,0.5284672347231073
test_nm,0.39452438008043594,0.39452438008043594,8.86845803443789e-22,0.321247092476234,0.4631053843000657
