,correlation,statistic,pvalue,CI_low,CI_high
train_early_nm,0.0059839121256466425,0.0059839121256466425,0.9295161821832828,-0.12608690810909656,0.13784630315369525
test_early_nm,0.09920143187330467,0.09920143187330467,0.10646429917199876,-0.021324545347878154,0.2168853011780977
train_nm,0.28146144731170597,0.28146144731170597,2.0305148438145644e-09,0.1928498957011351,0.3655193237505896
test_nm,0.28443642904360156,0.28443642904360156,1.2749514455947814e-11,0.20542718877170363,0.3597620480523912
