,correlation,statistic,pvalue,CI_low,CI_high
train_early_nm,0.31530758205017756,0.31530758205017756,1.723695209187927e-06,0.19129647315614104,0.42941040465984764
test_early_nm,0.1651869181386643,0.1651869181386643,0.0069338957113332265,0.04582580075089494,0.279897662674306
train_nm,0.4948882281643863,0.4948882281643863,1.9391421981475971e-28,0.42069848350455685,0.5625025528270824
test_nm,0.40507460326457434,0.40507460326457434,5.629616508662929e-23,0.3324629490545445,0.4729122794922495
