,correlation,statistic,pvalue,CI_low,CI_high
train_early_nm,0.15409042490252303,0.15409042490252303,0.021938503418133658,0.02257831755624457,0.2803604031492907
test_early_nm,0.08389745263555821,0.08389745263555821,0.17247680710359084,-0.03674487236897123,0.20212942211018758
train_nm,0.36339013555585725,0.36339013555585725,4.044547906595323e-15,0.2791990768879976,0.44203677859770946
test_nm,0.30976824073948195,0.30976824073948195,1.315900114545115e-13,0.23188335186344983,0.38370672820360485
