,correlation,statistic,pvalue,CI_low,CI_high
train_early_nm,0.236384433738761,0.236384433738761,0.0003932906124687334,0.10777533885135852,0.3572121117960705
test_early_nm,0.2859612868727777,0.2859612868727777,2.123491916448017e-06,0.17159127520094308,0.3927258165599073
train_nm,0.43060195445583943,0.43060195445583943,3.3682380807081798e-21,0.351068852109261,0.5039662144626412
test_nm,0.41481696528716083,0.41481696528716083,4.0379231665996784e-24,0.3428382469294641,0.48195333054797224
