,correlation,statistic,pvalue,CI_low,CI_high
train_early_nm,0.3463354488882355,0.3463354488882355,1.2646915683605516e-07,0.22463126908554554,0.4574005988212812
test_early_nm,0.25853108624413834,0.25853108624413834,1.9594351979361577e-05,0.14269653117463932,0.3673793678155249
train_nm,0.5107543012179412,0.5107543012179412,1.7869678929776212e-30,0.4380188615925984,0.5768459795332396
test_nm,0.45418313499067936,0.45418313499067936,3.827085545717378e-29,0.38494153860368585,0.5183406819111361
