,correlation,statistic,pvalue,CI_low,CI_high
train_early_nm,0.3249901141372554,0.3249901141372554,7.866801675117254e-07,0.20166828728815217,0.4381685961730759
test_early_nm,0.17436761593495004,0.17436761593495004,0.0043398675270741776,0.05525483906696425,0.288587074292864
train_nm,0.47757433091894214,0.47757433091894214,2.4587332875449986e-26,0.4018590849516485,0.5468036708225501
test_nm,0.3799335533071355,0.3799335533071355,3.421858211295228e-20,0.3057695041638019,0.4495148421629058
