,correlation,statistic,pvalue,CI_low,CI_high
train_early_nm,0.29013523259732493,0.29013523259732493,1.1685956416089229e-05,0.1644611192458094,0.4065402547167602
test_early_nm,0.14836634482925426,0.14836634482925426,0.01544366115023977,0.028605232033875258,0.2639282939555312
train_nm,0.42356148849833253,0.42356148849833253,1.7012880016743247e-20,0.34349626489449975,0.4975142580585064
test_nm,0.35499263428629285,0.35499263428629285,1.1662918965610644e-17,0.279403250640931,0.4262089328122754
