,correlation,statistic,pvalue,CI_low,CI_high
train_early_nm,0.3444822625167536,0.3444822625167536,1.49035658638701e-07,0.2226322671097874,0.4557349987879607
test_early_nm,0.27899864673975483,0.27899864673975483,3.81921089089472e-06,0.16423820661188096,0.38630742109595995
train_nm,0.48712310842013107,0.48712310842013107,1.760637333336529e-27,0.4122412697173915,0.5554677766064936
test_nm,0.45666537444011,0.45666537444011,1.7521351366225885e-29,0.38760606183869584,0.5206273318530612
