,correlation,statistic,pvalue,CI_low,CI_high
train_early_nm,0.2407860693659192,0.2407860693659192,0.00030321318393644386,0.11238609528672461,0.36127707503216794
test_early_nm,0.19318204705747463,0.19318204705747463,0.001546894853172926,0.07464481571816725,0.3063360927024136
train_nm,0.4307118418618272,0.4307118418618272,3.2831698762908254e-21,0.35118712736533086,0.5040668515769862
test_nm,0.3954385892487649,0.3954385892487649,7.011075711540755e-22,0.32221816799698216,0.46395584688142577
