,correlation,statistic,pvalue,CI_low,CI_high
train_early_nm,0.2522239612981908,0.2522239612981908,0.00015078672397466112,0.12439330675949656,0.37181873600912885
test_early_nm,0.13466836269920893,0.13466836269920893,0.028088809033414854,0.01463383182886748,0.2508765243182793
train_nm,0.46347420577835513,0.46347420577835513,1.040083075162589e-24,0.3865638284498027,0.5339827198895384
test_nm,0.37403527368953504,0.37403527368953504,1.4231625977009356e-19,0.29952386069105835,0.44401176516122537
