,correlation,statistic,pvalue,CI_low,CI_high
train_early_nm,0.2832744043216488,0.2832744043216488,1.9097222641883588e-05,0.15717915301183705,0.4002814988388541
test_early_nm,0.20032841298746146,0.20032841298746146,0.0010189707161245643,0.0820333573152762,0.31305722372844513
train_nm,0.4739427946886362,0.4739427946886362,6.558869185137311e-26,0.39791569489566025,0.5435046915821564
test_nm,0.41371008445517665,0.41371008445517665,5.4710515430219295e-24,0.34165857003688255,0.4809268486931516
