,correlation,statistic,pvalue,CI_low,CI_high
train_early_nm,0.2756929642340278,0.2756929642340278,3.2378710993040695e-05,0.14914825769408793,0.393352649352099
test_early_nm,0.2155417913575235,0.2155417913575235,0.00039932249456895846,0.09780571044072876,0.32732784473506116
train_nm,0.456353474633306,0.456353474633306,6.458609001038134e-24,0.37885558628948385,0.5274956408942815
test_nm,0.40267377504483737,0.40267377504483737,1.0634983628719516e-22,0.32990884168525403,0.4706820805758946
