,correlation,statistic,pvalue,CI_low,CI_high
train_early_nm,0.16419998776378159,0.16419998776378159,0.014534471110221681,0.03294259430244083,0.28988942625566205
test_early_nm,0.1393151937471025,0.1393151937471025,0.023053018810850485,0.019368168363225906,0.2553088781088256
train_nm,0.353533312311227,0.353533312311227,2.4328981439670252e-14,0.2687378675568555,0.4328911527489674
test_nm,0.31319794459232847,0.31319794459232847,6.840643845749566e-14,0.23547416110027075,0.38694100289785693
