,correlation,statistic,pvalue,CI_low,CI_high
train_early_nm,0.22681040853891868,0.22681040853891868,0.0006811959806312515,0.0977655215507079,0.34835455120768427
test_early_nm,0.139816938582658,0.139816938582658,0.022559059990438623,0.01987968362380603,0.25578717315965077
train_nm,0.3166083132438151,0.3166083132438151,1.1815962345594874e-11,0.2297257868443788,0.3984845460137732
test_nm,0.23735740514195341,0.23735740514195341,1.9775053239634436e-08,0.1565633921798222,0.31499588483123303
