,correlation,statistic,pvalue,CI_low,CI_high
train_early_nm,-0.13180712184505586,-0.13180712184505586,0.05036064711713125,-0.2592684605216706,0.00016703249770613982
test_early_nm,0.02519455690868533,0.02519455690868533,0.6825098888485861,-0.09536597167949329,0.1450266505484773
train_nm,0.18006472106123877,0.18006472106123877,0.00015142625959746508,0.08784945161449237,0.2692199792118022
test_nm,0.25876697245836605,0.25876697245836605,8.383115726397247e-10,0.17873567283495265,0.33539657842178494
