,correlation,statistic,pvalue,CI_low,CI_high
train_early_nm,0.12458824102698528,0.12458824102698528,0.064480323192852,-0.007506429026846171,0.25240935860823194
test_early_nm,0.15154907522444883,0.15154907522444883,0.013347571111969811,0.031858204345230526,0.26695482993177505
train_nm,0.38024391052085355,0.38024391052085355,1.6244727413929372e-16,0.2971326870478976,0.4576367161327529
test_nm,0.3569144904454227,0.3569144904454227,7.576285313350002e-18,0.28143089233858976,0.4280081690943237
