,correlation,statistic,pvalue,CI_low,CI_high
train_early_nm,0.16736681248100016,0.16736681248100016,0.012717754301552486,0.03619502512661466,0.29286927970650894
test_early_nm,0.14382223515158923,0.14382223515158923,0.018933548564240368,0.02396522730268295,0.25960324180458044
train_nm,0.3443800884135673,0.3443800884135673,1.218443973944074e-13,0.2590412801256965,0.4243837051466761
test_nm,0.2822315354098972,0.2822315354098972,1.8587049411440716e-11,0.20312988100762527,0.35767318666211784
