,correlation,statistic,pvalue,CI_low,CI_high
train_early_nm,0.06887691656643605,0.06887691656643605,0.3080446840873885,-0.06367310635131992,0.1990389466378905
test_early_nm,0.09933919682471243,0.09933919682471243,0.10597673078829804,-0.021185472124949103,0.21701788840295347
train_nm,0.34954491939099974,0.34954491939099974,4.940892513459911e-14,0.26451059744159544,0.4291858851184488
test_nm,0.34584742620473635,0.34584742620473635,8.728800854940129e-17,0.2697638871143197,0.41763948824506403
