,correlation,statistic,pvalue,CI_low,CI_high
train_early_nm,0.22380061058272285,0.22380061058272285,0.0008058678822880954,0.09462410804409312,0.345565497435788
test_early_nm,0.22201577624422814,0.22201577624422814,0.0002626834618110682,0.1045355518443695,0.33338521529918647
train_nm,0.4264892383490601,0.4264892383490601,8.715335322959642e-21,0.34664403126792187,0.5001982727213138
test_nm,0.38101745988435426,0.38101745988435426,2.6250080846813906e-20,0.3069179392640792,0.45052554956880797
