,correlation,statistic,pvalue,CI_low,CI_high
train_early_nm,0.16177884696454323,0.16177884696454323,0.016072908111363218,0.030457878583976455,0.2876095861514777
test_early_nm,0.17577081218853918,0.17577081218853918,0.004031886163082188,0.056697866306180136,0.28991352577965446
train_nm,0.36666749831898254,0.36666749831898254,2.196554323479043e-15,0.28268182897731214,0.4450740525167617
test_nm,0.3709115777502547,0.3709115777502547,2.992048760340122e-19,0.29621878731367185,0.44109522655800054
