,correlation,statistic,pvalue,CI_low,CI_high
train_early_nm,-0.0005599032955912815,-0.0005599032955912815,0.9933964959209606,-0.13252135999574635,0.1314210564098559
test_early_nm,0.11828498205349364,0.11828498205349364,0.05399782480344936,-0.002015239101344533,0.2352103563694875
train_nm,0.2928053552707656,0.2928053552707656,4.1599578734815e-10,0.20472456572638237,0.37618218623949135
test_nm,0.3224121510461684,0.3224121510461684,1.1307005113989761e-14,0.2451317115058083,0.39562119523317935
