,correlation,statistic,pvalue,CI_low,CI_high
train_early_nm,0.20636129247814375,0.20636129247814375,0.0020448259756854145,0.07647268210249276,0.32936275591363867
test_early_nm,0.13571242948365672,0.13571242948365672,0.02688192358178643,0.01569709108993372,0.2518728261711088
train_nm,0.36160103213618683,0.36160103213618683,5.627623694350237e-15,0.2772987861848381,0.4403779777228232
test_nm,0.2799521829296321,0.2799521829296321,2.7349010117302914e-11,0.20075590871766136,0.3555129909150193
