,correlation,statistic,pvalue,CI_low,CI_high
train_early_nm,-0.04781577748220984,-0.04781577748220984,0.4794383256923771,-0.1786596290730937,0.08468989065538224
test_early_nm,0.0828033354011464,0.0828033354011464,0.17816233540443033,-0.0378451114576157,0.2010724297900829
train_nm,0.29731059243614794,0.29731059243614794,2.1729903627430635e-10,0.20944779934336724,0.380410827666996
test_nm,0.2910279720698844,0.2910279720698844,4.04958537354083e-12,0.21230020063987462,0.3660022124872953
