,correlation,statistic,pvalue,CI_low,CI_high
train_early_nm,0.15381204083221792,0.15381204083221792,0.02218175268251715,0.022293318866011005,0.2800976526647789
test_early_nm,0.1400144835186007,0.1400144835186007,0.022367105081423186,0.020081092559850213,0.25597546996606557
train_nm,0.34185600390100823,0.34185600390100823,1.882606050046548e-13,0.2563703806305048,0.4220352121275547
test_nm,0.3316002720011148,0.3316002720011148,1.7646873152055546e-15,0.25477721772649936,0.40426380985910376
