,correlation,statistic,pvalue,CI_low,CI_high
train_early_nm,0.20442898196831893,0.20442898196831893,0.002257064306204357,0.07446675287835726,0.32756299140604705
test_early_nm,0.13998133502177626,0.13998133502177626,0.022399216628719416,0.020047294995195857,0.2559438739411423
train_nm,0.4281998168809627,0.4281998168809627,5.878180850769401e-21,0.34848399020224896,0.5017657903448192
test_nm,0.37348455791283963,0.37348455791283963,1.6233231616762101e-19,0.29894103772038133,0.44349767940878304
