,correlation,statistic,pvalue,CI_low,CI_high
train_early_nm,0.26731791084664935,0.26731791084664935,5.699436048038825e-05,0.1402960656748195,0.3856829298742941
test_early_nm,0.23840088734705142,0.23840088734705142,8.61356085309923e-05,0.12161642447132558,0.34867493677240496
train_nm,0.451339921768083,0.451339921768083,2.2774883248075697e-23,0.37343482255625815,0.5229232465802595
test_nm,0.38825956653033766,0.38825956653033766,4.352569483427583e-21,0.3145967338328584,0.45727400780046007
