,correlation,statistic,pvalue,CI_low,CI_high
train_early_nm,0.22647741586134074,0.22647741586134074,0.0006940559726223961,0.09741784086562849,0.34804608667539344
test_early_nm,0.14289291844142665,0.14289291844142665,0.019726249842797017,0.023016934677860975,0.2587181521521265
train_nm,0.44788993611504024,0.44788993611504024,5.356182581830493e-23,0.3697077097860047,0.5197744415522075
test_nm,0.3955030379255889,0.3955030379255889,6.895686532613113e-22,0.3222866313755315,0.4640157968724848
