,correlation,statistic,pvalue,CI_low,CI_high
train_early_nm,0.2735823891005551,0.2735823891005551,3.7402823711354515e-05,0.14691552674311836,0.391421365802712
test_early_nm,0.16319079130362898,0.16319079130362898,0.007654801143455593,0.043778489168898954,0.27800586364282714
train_nm,0.399040931036124,0.399040931036124,3.589730056838612e-18,0.3172034554807631,0.47497930791123194
test_nm,0.3782937649643356,0.3782937649643356,5.1005911261680927e-20,0.3040325039344163,0.4479854544906368
