,correlation,statistic,pvalue,CI_low,CI_high
train_early_nm,0.18749165255026246,0.18749165255026246,0.0051691641266108715,0.05692902751756238,0.31174913434905316
test_early_nm,0.2670157698420973,0.2670157698420973,1.0110125250096532e-05,0.15161318472738625,0.37523681599520936
train_nm,0.4250883317629698,0.4250883317629698,1.2012598737528361e-20,0.3451376239929265,0.49891416830793794
test_nm,0.4369974470407228,0.4369974470407228,7.194576240563778e-27,0.36652542068457805,0.502483946429454
