,correlation,statistic,pvalue,CI_low,CI_high
train_early_nm,0.3545618618686001,0.3545618618686001,6.023486355953905e-08,0.233517350260925,0.4647849084373708
test_early_nm,0.209971839058178,0.209971839058178,0.0005670290545377967,0.0920242341148364,0.3221089672345841
train_nm,0.47833279673512885,0.47833279673512885,2.0001832757564078e-26,0.4026830377795852,0.5474924090736543
test_nm,0.3766810481334536,0.3766810481334536,7.536327361625007e-20,0.30232466156545473,0.4464809177697247
