,correlation,statistic,pvalue,CI_low,CI_high
train_early_nm,0.041951829642580124,0.041951829642580124,0.5349975710595243,-0.09052058055361024,0.17296546637441923
test_early_nm,0.1551841490410126,0.1551841490410126,0.011263061322054763,0.035576607605240174,0.27040872779966746
train_nm,0.3489741788124065,0.3489741788124065,5.463603951899149e-14,0.26390594058947797,0.4286554405494599
test_nm,0.375859765102998,0.375859765102998,9.186176118078385e-20,0.3014551188627978,0.4457145742244269
