,correlation,statistic,pvalue,CI_low,CI_high
train_early_nm,0.23342874945380687,0.23342874945380687,0.00046709184566687603,0.10468233234311516,0.3544799308260991
test_early_nm,0.17291114583874123,0.17291114583874123,0.004681821173559795,0.053757551852743925,0.28720979877176883
train_nm,0.44066189560344904,0.44066189560344904,3.1143833489835667e-22,0.3619072112586602,0.5131710637894686
test_nm,0.39022602431664494,0.39022602431664494,2.651388096581623e-21,0.3166834316789245,0.45910505361253473
