,correlation,statistic,pvalue,CI_low,CI_high
train_early_nm,0.29603106667568296,0.29603106667568296,7.5838374465786106e-06,0.1707298203709498,0.4119099852853995
test_early_nm,0.1111952025839819,0.1111952025839819,0.07020016064519212,-0.009199378121043838,0.22841205833502376
train_nm,0.4349787752103929,0.4349787752103929,1.2071513846483973e-21,0.3557817247906094,0.5079730558516818
test_nm,0.3378296851558802,0.3378296851558802,4.831250449030208e-16,0.26132543861510676,0.4101160059370107
