,correlation,statistic,pvalue,CI_low,CI_high
train_early_nm,0.20242831645671994,0.20242831645671994,0.002497756629853043,0.0723909719850866,0.3256986186498084
test_early_nm,0.21991940441858307,0.21991940441858307,0.00030123885919632434,0.10235515136576913,0.3314247554429082
train_nm,0.41309522962436684,0.41309522962436684,1.763283606307989e-19,0.332258171215134,0.48790772249027703
test_nm,0.41080663542703233,0.41080663542703233,1.2071543459751042e-23,0.33856524881803784,0.4782334175951634
