,correlation,statistic,pvalue,CI_low,CI_high
train_early_nm,0.2068969806622841,0.2068969806622841,0.0019892970213434397,0.07702896557225106,0.3298615406100119
test_early_nm,0.06642263903902958,0.06642263903902958,0.2804044987814135,-0.0542825627156157,0.18521455725048577
train_nm,0.4264036906575637,0.4264036906575637,8.888172564341751e-21,0.34655202926742257,0.5001198669584908
test_nm,0.33619240802594863,0.33619240802594863,6.810367853033622e-16,0.2596036867808706,0.40857844923745446
