,correlation,statistic,pvalue,CI_low,CI_high
train_early_nm,0.17874500228672163,0.17874500228672163,0.007729741868052743,0.04790376498193163,0.3035556166313698
test_early_nm,0.02111777118618128,0.02111777118618128,0.7317213631971038,-0.09940625922395434,0.14103112259833958
train_nm,0.30744245706047496,0.30744245706047496,4.8378834119406834e-11,0.22008491786037498,0.38990797672945554
test_nm,0.22358299509349952,0.22358299509349952,1.2961610530639222e-07,0.14234119154486716,0.30183252314103154
