,correlation,statistic,pvalue,CI_low,CI_high
train_early_nm,-0.006547720282819556,-0.006547720282819556,0.9228948337584053,-0.13839937673764463,0.125532002132983
test_early_nm,0.10419969988070014,0.10419969988070014,0.08987411376379627,-0.016275824701415326,0.22169293815157323
train_nm,0.27177090298272905,0.27177090298272905,7.441487718584597e-09,0.18272646220461314,0.3563930567395349
test_nm,0.28218198593564714,0.28218198593564714,1.8744463143671003e-11,0.20307826476003138,0.3576262360477078
