,correlation,statistic,pvalue,CI_low,CI_high
train_early_nm,0.29184915725467486,0.29184915725467486,1.031588330965302e-05,0.16628239070367315,0.40810207012084204
test_early_nm,0.20139269569553325,0.20139269569553325,0.0009563774438267442,0.0831348199546641,0.3140572126500761
train_nm,0.48943382082312253,0.48943382082312253,9.186082233450824e-28,0.4147565846268732,0.5575621793271595
test_nm,0.4036432761035028,0.4036432761035028,8.230930105443089e-23,0.33094011162117437,0.47158278283176946
