,correlation,statistic,pvalue,CI_low,CI_high
train_early_nm,0.16596209248707375,0.16596209248707375,0.013497394725968465,0.03475198951281436,0.2915477960286398
test_early_nm,0.21147519454649139,0.21147519454649139,0.0005162798560644265,0.09358389777455592,0.3235182378877991
train_nm,0.370368728478522,0.370368728478522,1.093095483040063e-15,0.2866176761169368,0.4485019750653801
test_nm,0.3636946691412266,0.3636946691412266,1.6152112486945062e-18,0.2885896631547673,0.4343512553570139
