,correlation,statistic,pvalue,CI_low,CI_high
train_early_nm,0.07289662364458362,0.07289662364458362,0.28059801519618655,-0.059648458799932816,0.2029157703424974
test_early_nm,0.16824581501769437,0.16824581501769437,0.00594646719113486,0.048965080775767604,0.2827949583711569
train_nm,0.33266133409600096,0.33266133409600096,8.8862472107026e-13,0.24665192384381343,0.413471072848324
test_nm,0.30448961683378556,0.30448961683378556,3.542740870075965e-13,0.2263609165859943,0.37872534055529056
