,correlation,statistic,pvalue,CI_low,CI_high
train_early_nm,-0.06481267145657688,-0.06481267145657688,0.337531310064859,-0.1951150216903647,0.06773796795543828
test_early_nm,0.11215139981721511,0.11215139981721511,0.06780726407444825,-0.008231179176442189,0.22932961090153423
train_nm,0.23163644758060056,0.23163644758060056,9.547215832429896e-07,0.14099922774809492,0.3184229099577886
test_nm,0.3020198296704207,0.3020198296704207,5.59265503410842e-13,0.22377877749912534,0.376393147732815
