,correlation,statistic,pvalue,CI_low,CI_high
train_early_nm,0.16407782436642462,0.16407782436642462,0.014608889454942472,0.032817184228752835,0.28977442662282155
test_early_nm,0.22081168946598986,0.22081168946598986,0.0002842255432321188,0.1032830637170836,0.3322593095845904
train_nm,0.40716069112147996,0.40716069112147996,6.404972990530529e-19,0.32589617046165054,0.48245259807670177
test_nm,0.4405890752553988,0.4405890752553988,2.4682769551656588e-27,0.3703696369565448,0.5058014829530174
