,correlation,statistic,pvalue,CI_low,CI_high
train_early_nm,0.28033124764848444,0.28033124764848444,2.3484259012314852e-05,0.15405953366810554,0.3975932691717183
test_early_nm,0.34573611428048573,0.34573611428048573,6.962808978400327e-09,0.23524663984406413,0.4474036302883119
train_nm,0.4486576817182996,0.4486576817182996,4.431711582280128e-23,0.3705369085215924,0.5204753326595064
test_nm,0.4484829028344526,0.4484829028344526,2.2468361980521754e-28,0.37882707421853773,0.5130861281968931
