,correlation,statistic,pvalue,CI_low,CI_high
train_early_nm,0.08817649460972252,0.08817649460972252,0.19156975563606404,-0.044310383637960936,0.21761540476642502
test_early_nm,0.06457566929638972,0.06457566929638972,0.29402491427121763,-0.05613183684479541,0.18342264775663422
train_nm,0.2711734737159716,0.2711734737159716,8.048535545662463e-09,0.182102962305289,0.3558298866665013
test_nm,0.21974927736226993,0.21974927736226993,2.1420870429379586e-07,0.1383888024445573,0.29816355827565827
