,correlation,statistic,pvalue,CI_low,CI_high
train_early_nm,0.0016837006416754701,0.0016837006416754701,0.9801442313971256,-0.13031650454973157,0.13362525795329488
test_early_nm,0.03700799637998375,0.03700799637998375,0.5478762683803484,-0.08363581913818709,0.15658259752740036
train_nm,0.024413619228190648,0.024413619228190648,0.6103632050587229,-0.06944266080052636,0.11784148800474918
test_nm,0.06823965767091913,0.06823965767091913,0.1112197899407832,-0.015762922120644392,0.151285692385864
