,correlation,statistic,pvalue,CI_low,CI_high
train_early_nm,0.1673692682061394,0.1673692682061394,0.01271642675073681,0.036197548314012756,0.2928715894985465
test_early_nm,0.21933147754847823,0.21933147754847823,0.0003129621542793369,0.10174386145037702,0.33087477210383537
train_nm,0.4023476514878634,0.4023476514878634,1.789360521470207e-18,0.32074184915744286,0.4780240802563517
test_nm,0.3746483079524706,0.3746483079524706,1.228876183646759e-19,0.3001727007793922,0.44458397020082085
