,correlation,statistic,pvalue,CI_low,CI_high
train_early_nm,0.20110749038766007,0.20110749038766007,0.002669200486310352,0.07102117232861589,0.3244672465698642
test_early_nm,0.2102688950273363,0.2102688950273363,0.0005566490738231916,0.09233237044142158,0.32238747188733363
train_nm,0.41635805690226574,0.41635805690226574,8.580974777777076e-20,0.3357591552420581,0.49090447883584415
test_nm,0.3430739010428403,0.3430739010428403,1.5865360497007334e-16,0.26684350673291274,0.41503805201957394
