,correlation,statistic,pvalue,CI_low,CI_high
train_early_nm,0.16703429570538103,0.16703429570538103,0.012898639797059068,0.03585338908644124,0.2925565094339535
test_early_nm,0.1549673146793576,0.1549673146793576,0.011378821722170997,0.03535470967200165,0.2702027838448729
train_nm,0.3546402788572074,0.3546402788572074,1.995050060568543e-14,0.2699117131509256,0.4339190635318469
test_nm,0.3368196067494935,0.3368196067494935,5.972482909839758e-16,0.2602631880603268,0.40916749618116316
