,correlation,statistic,pvalue,CI_low,CI_high
train_early_nm,0.18438807530011042,0.18438807530011042,0.0059742083165913755,0.05372414575645569,0.3088439390374536
test_early_nm,0.06857669574737295,0.06857669574737295,0.2650659056745806,-0.05212477200390727,0.1873034016761404
train_nm,0.2966539142842506,0.2966539142842506,2.3904147191936086e-10,0.20875909092715547,0.3797946820388824
test_nm,0.21085056901454316,0.21085056901454316,6.641020640865817e-07,0.1292246160352978,0.2896383285622426
