,correlation,statistic,pvalue,CI_low,CI_high
train_early_nm,0.04068083323175482,0.04068083323175482,0.5474513344583819,-0.0917831719713451,0.1717301145570183
test_early_nm,0.003905510467299745,0.003905510467299745,0.9494502068286228,-0.1164207266083026,0.12411876090085562
train_nm,0.34809416377927993,0.34809416377927993,6.37742533750949e-14,0.26297376164400743,0.4278374495720204
test_nm,0.28526277782215803,0.28526277782215803,1.1060215837749378e-11,0.20628839683466882,0.3605447158602948
