,correlation,statistic,pvalue,CI_low,CI_high
train_early_nm,0.28486082264584955,0.28486082264584955,1.7066383754357697e-05,0.15886173256723093,0.4017296717844378
test_early_nm,0.3484597530015063,0.3484597530015063,5.203880172076607e-09,0.23816985095754867,0.4498770497024084
train_nm,0.4505621988517876,0.4505621988517876,2.764074531346856e-23,0.372594407820144,0.5222135887012304
test_nm,0.44807131880370754,0.44807131880370754,2.549856645928492e-28,0.37838581590796466,0.5127065367527373
