,correlation,statistic,pvalue,CI_low,CI_high
train_early_nm,0.15776135079760642,0.15776135079760642,0.018940202882700354,0.026338467856159127,0.2838234069661568
test_early_nm,0.123028695334193,0.123028695334193,0.044994097156663776,0.0027985533929690155,0.2397526623717546
train_nm,0.3847373313048691,0.3847373313048691,6.676493137074842e-17,0.3019239261194053,0.46178781910669847
test_nm,0.36388356109452985,0.36388356109452985,1.546317539304028e-18,0.288789222774638,0.4345278698824763
