,correlation,statistic,pvalue,CI_low,CI_high
train_early_nm,0.21277986518999376,0.21277986518999376,0.0014637435037797967,0.08314335016347084,0.33533464083268316
test_early_nm,0.3098271049891244,0.3098271049891244,2.512348621602835e-07,0.19689243209945334,0.4146474870635906
train_nm,0.36193138670563063,0.36193138670563063,5.2954638679910895e-15,0.27764962163348683,0.44068431266481195
test_nm,0.36592765397949395,0.36592765397949395,9.630201273216856e-19,0.2909491731958253,0.4364387552238307
