,correlation,statistic,pvalue,CI_low,CI_high
train_early_nm,0.15449748929983104,0.15449748929983104,0.021586965107703446,0.02299509259956658,0.28074457342747106
test_early_nm,0.2456840296423159,0.2456840296423159,5.113732879868302e-05,0.12923110183494693,0.35545238996887896
train_nm,0.4025765547825402,0.4025765547825402,1.704675494543372e-18,0.32098687404522175,0.4782347832584692
test_nm,0.41923318477252647,0.41923318477252647,1.1883419408146563e-24,0.34754716810443675,0.48604694162966233
