,correlation,statistic,pvalue,CI_low,CI_high
train_early_nm,0.15253081540304625,0.15253081540304625,0.023331537836910804,0.02098192605222587,0.2788881347362991
test_early_nm,0.12718918502281493,0.12718918502281493,0.03816761386673098,0.007025097914306936,0.24373230502180954
train_nm,0.39589479082585866,0.39589479082585866,6.912185905969906e-18,0.31383900640328716,0.47208070626690984
test_nm,0.4004011469562774,0.4004011469562774,1.932765579511565e-22,0.32749210039113336,0.4685701694947676
