,correlation,statistic,pvalue,CI_low,CI_high
train_early_nm,0.07130064125456048,0.07130064125456048,0.2912913238443004,-0.0612469187295187,0.20137700605073366
test_early_nm,0.061339849947143664,0.061339849947143664,0.31893439733527956,-0.059369698097045405,0.1802813867470621
train_nm,0.2930186924149582,0.2930186924149582,4.035011749308845e-10,0.20494813320622432,0.3763825040784547
test_nm,0.2784213332123248,0.2784213332123248,3.537786481951605e-11,0.19916203277724867,0.35406171550129045
