,correlation,statistic,pvalue,CI_low,CI_high
train_early_nm,0.32557967756011263,0.32557967756011263,7.493246678952738e-07,0.20230071522737708,0.4387011839224956
test_early_nm,0.1730605265396986,0.1730605265396986,0.004645665641154497,0.05391109424625042,0.2873510787520818
train_nm,0.49978071184195144,0.49978071184195144,4.691011371159461e-29,0.4260336573167289,0.5669298554644189
test_nm,0.37210765737828333,0.37210765737828333,2.2532758107829976e-19,0.2974841060199948,0.44221215971789324
