,correlation,statistic,pvalue,CI_low,CI_high
train_early_nm,0.2188654058191567,0.2188654058191567,0.0010565652283474267,0.0894786530961588,0.34098758928419115
test_early_nm,0.17481290194416726,0.17481290194416726,0.004239911089504024,0.05571271102900077,0.28900805384910266
train_nm,0.4290495054546786,0.4290495054546786,4.829694067082584e-21,0.3493981737984999,0.5025442373009893
test_nm,0.38865517509589903,0.38865517509589903,3.940525199079252e-21,0.3150164748844205,0.45764242144218853
