,correlation,statistic,pvalue,CI_low,CI_high
train_early_nm,0.15693941933471,0.15693941933471,0.019578692497106545,0.02549623553762116,0.28304831550330795
test_early_nm,0.11882255973037201,0.11882255973037201,0.05290769504897454,-0.0014699997187138374,0.23572536645434347
train_nm,0.3987494940640617,0.3987494940640617,3.815475212069263e-18,0.31689170926648574,0.4747108704567349
test_nm,0.36381748060525043,0.36381748060525043,1.5700831839376914e-18,0.2887194096498993,0.4344660850507598
