,correlation,statistic,pvalue,CI_low,CI_high
train_early_nm,0.18527254632541368,0.18527254632541368,0.005734062870984634,0.054637212801126975,0.30967211099048775
test_early_nm,0.1856609783513761,0.1856609783513761,0.0023637818333634617,0.06688290408422638,0.29925034938389883
train_nm,0.3494416453555099,0.3494416453555099,5.031698890847825e-14,0.26440118138942775,0.4290899066127462
test_nm,0.3096721199027874,0.3096721199027874,1.3400861555429715e-13,0.2317827464578106,0.3836160583233832
