,correlation,statistic,pvalue,CI_low,CI_high
train_early_nm,0.19516077430122633,0.19516077430122633,0.0035810967896047715,0.06486003529278707,0.3189180927811569
test_early_nm,0.017000278763059692,0.017000278763059692,0.7825631710090613,-0.10348285917714241,0.13699173035624773
train_nm,0.3221800494774311,0.3221800494774311,4.897232720004933e-12,0.23559461812602606,0.4036910785511592
test_nm,0.2123603959438025,0.2123603959438025,5.499605459933709e-07,0.13077850458420717,0.2910856692113504
