,correlation,statistic,pvalue,CI_low,CI_high
train_early_nm,0.048318865309328905,0.048318865309328905,0.47482183172402426,-0.08418923311162492,0.17914774257459115
test_early_nm,0.15972764766248387,0.15972764766248387,0.009065184777067428,0.04022892135986153,0.2747216071925863
train_nm,0.2891595218972515,0.2891595218972515,6.977975270428683e-10,0.20090532064010458,0.37275764157906904
test_nm,0.30782108718499923,0.30782108718499923,1.9006039541777338e-13,0.2298456777648874,0.3818697184833636
