,correlation,statistic,pvalue,CI_low,CI_high
train_early_nm,0.26086825574741485,0.26086825574741485,8.699727450623423e-05,0.13349277735643247,0.37976528359976186
test_early_nm,0.2171114718788317,0.2171114718788317,0.00036116665330391786,0.0994364375892375,0.32879735731331916
train_nm,0.38451620195533087,0.38451620195533087,6.977371885696008e-17,0.30168804268101174,0.4615836147660367
test_nm,0.31395165670125774,0.31395165670125774,5.917820944722263e-14,0.23626356225348993,0.38765152437015804
