,correlation,statistic,pvalue,CI_low,CI_high
train_early_nm,0.28879316016317913,0.28879316016317913,1.2877394520891552e-05,0.16303558787118994,0.40531681487118
test_early_nm,0.36078059250962585,0.36078059250962585,1.3458758180221887e-09,0.2514185023568422,0.4610465763855178
train_nm,0.4520628827835327,0.4520628827835327,1.9014721246524493e-23,0.3742161757734504,0.523582846240787
test_nm,0.4498915931922764,0.4498915931922764,1.455292999385919e-28,0.3803375677038572,0.5143851292818775
