,correlation,statistic,pvalue,CI_low,CI_high
train_early_nm,0.16083838367980677,0.16083838367980677,0.016707773482376606,0.029493157843314643,0.2867236247304095
test_early_nm,0.1432529103686887,0.1432529103686887,0.019415823435154453,0.023384251762267185,0.2590610348036198
train_nm,0.4025919147238443,0.4025919147238443,1.699136305466285e-18,0.3210033161738176,0.4782489216061569
test_nm,0.35716979492516077,0.35716979492516077,7.152731264157457e-18,0.28170030037986177,0.42824714202848513
