,correlation,statistic,pvalue,CI_low,CI_high
train_early_nm,0.3095431615202816,0.3095431615202816,2.7143736708308273e-06,0.18513481762986633,0.4241860710415289
test_early_nm,0.23729766887073034,0.23729766887073034,9.30844508115698e-05,0.12046418409941578,0.3476473111080293
train_nm,0.4399996173413726,0.4399996173413726,3.6518382689165487e-22,0.36119303193725133,0.5125655914352084
test_nm,0.3599571462357443,0.3599571462357443,3.803859741898099e-18,0.28464240525408635,0.4308555429525878
