,correlation,statistic,pvalue,CI_low,CI_high
train_early_nm,0.16369958235781398,0.16369958235781398,0.014841422940836891,0.03242891607774599,0.2894183420274304
test_early_nm,0.0956668739199634,0.0956668739199634,0.11958841948527245,-0.0248910745901287,0.2134820998801545
train_nm,0.47661890943111057,0.47661890943111057,3.1864923997354254e-26,0.40082134548733744,0.5459359501355929
test_nm,0.4200791820951042,0.4200791820951042,9.38159003546927e-25,0.3484496499827251,0.4868308036807555
