,correlation,statistic,pvalue,CI_low,CI_high
train_early_nm,0.31368295304865507,0.31368295304865507,1.960925141440297e-06,0.1895588987701258,0.42793876477266807
test_early_nm,0.2695066049508696,0.2695066049508696,8.289289529963274e-06,0.15423440373317998,0.377540565256206
train_nm,0.45339116409617186,0.45339116409617186,1.3633928807846927e-23,0.37565202802095804,0.5247944916221853
test_nm,0.433402053142479,0.433402053142479,2.0728948633622505e-26,0.3626795822873726,0.49916099904295963
