,correlation,statistic,pvalue,CI_low,CI_high
train_early_nm,0.3204152793983411,0.3204152793983411,1.1435023229219722e-06,0.19676432916141548,0.43403317312179285
test_early_nm,0.15635193705920622,0.15635193705920622,0.010657323742449803,0.03677186893654048,0.2715176829015491
train_nm,0.41612124136127404,0.41612124136127404,9.043860321095686e-20,0.33550497934992374,0.49068703404001945
test_nm,0.334346884435527,0.334346884435527,1.0004246146376744e-15,0.2576635276414156,0.4068448369095247
