,correlation,statistic,pvalue,CI_low,CI_high
train_early_nm,0.1852707757685792,0.1852707757685792,0.005734534835924871,0.05463538478178678,0.3096704533230995
test_early_nm,0.18982011375538982,0.18982011375538982,0.0018733274086308999,0.07117344900090693,0.30317029977261134
train_nm,0.37806494696111137,0.37806494696111137,2.4879118456335906e-16,0.2948108104080856,0.4556225349666752
test_nm,0.35162745455944505,0.35162745455944505,2.4648647080825795e-17,0.27585446292737253,0.4230571034618601
