,correlation,statistic,pvalue,CI_low,CI_high
train_early_nm,-0.017551985877084758,-0.017551985877084758,0.7952731498537975,-0.14917768588029243,0.11468491423783883
test_early_nm,-0.08287450236941324,-0.08287450236941324,0.17778835369695606,-0.20114119033969796,0.03777355518614646
train_nm,0.1924149508954837,0.1924149508954837,5.0483500088005895e-05,0.10052995356078137,0.2810454724850352
test_nm,0.193491826811363,0.193491826811363,5.263569502199317e-06,0.11138804285805072,0.2729720761862406
