,correlation,statistic,pvalue,CI_low,CI_high
train_early_nm,0.20506770462889878,0.20506770462889878,0.0021847885601907137,0.07512969376336644,0.32815800004718865
test_early_nm,-0.04375633898773387,-0.04375633898773387,0.4773173510639584,-0.16316918955102203,0.07692001529786226
train_nm,0.2910730366016868,0.2910730366016868,5.323850888962485e-10,0.20290951595198348,0.37455529695250545
test_nm,0.18983467347465535,0.18983467347465535,7.958066727356133e-06,0.10763695388399969,0.2694547221568916
