,correlation,statistic,pvalue,CI_low,CI_high
train_early_nm,0.18271799704315955,0.18271799704315955,0.006452321243902408,0.05200066744077634,0.3072796511889536
test_early_nm,0.16002763371062992,0.16002763371062992,0.008934476628396469,0.040536274413025715,0.2750062037779805
train_nm,0.3833272570973924,0.3833272570973924,8.838365980148002e-17,0.3004199434085661,0.4604855304713344
test_nm,0.32696529026739796,0.32696529026739796,4.539639022197253e-15,0.24990959483803504,0.39990563206188534
