,correlation,statistic,pvalue,CI_low,CI_high
train_early_nm,0.1904349136805026,0.1904349136805026,0.004497096905459988,0.05997084818799332,0.31450211629874636
test_early_nm,0.1683989990549199,0.1683989990549199,0.005900508819460404,0.04912235224489411,0.2829399947734667
train_nm,0.32303147162352264,0.32303147162352264,4.273647284581253e-12,0.23649199622347147,0.40448622882331964
test_nm,0.26510042860801103,0.26510042860801103,3.108802540785691e-10,0.18531037444819484,0.3414178422177659
