,correlation,statistic,pvalue,CI_low,CI_high
train_early_nm,0.22050194248392538,0.22050194248392538,0.0009664300980209786,0.0911841446455509,0.3425062869113746
test_early_nm,0.20230846548690745,0.20230846548690745,0.0009053737372271882,0.08408281282064423,0.3149174603426029
train_nm,0.410972831938673,0.410972831938673,2.8051246408614946e-19,0.3299820528910629,0.48595745099635
test_nm,0.3943524334294627,0.3943524334294627,9.268488469544308e-22,0.321064467481483,0.46294541314810983
