,correlation,statistic,pvalue,CI_low,CI_high
train_early_nm,0.08448319545060418,0.08448319545060418,0.2109167618224795,-0.04802348417177375,0.21406772768339738
test_early_nm,0.15393498413774112,0.15393498413774112,0.011944469169891829,0.034298433595108375,0.2692221570045919
train_nm,0.28118650672819734,0.28118650672819734,2.108208230185435e-09,0.1925624129161179,0.3652606154394534
test_nm,0.29906690164361,0.29906690164361,9.59886053508535e-13,0.22069296018032875,0.3736034925542613
