,correlation,statistic,pvalue,CI_low,CI_high
train_early_nm,0.30949264135424626,0.30949264135424626,2.7250829570274065e-06,0.18508085924805134,0.424140250512517
test_early_nm,0.23264525338630115,0.23264525338630115,0.00012859655853008416,0.11560849743821869,0.3433107620677525
train_nm,0.4368046709594487,0.4368046709594487,7.833016966907908e-22,0.3577490040701924,0.5096436725624446
test_nm,0.3603594939646599,0.3603594939646599,3.470674596779788e-18,0.2850672085165089,0.431231961787523
