,correlation,statistic,pvalue,CI_low,CI_high
train_early_nm,0.38607942111604565,0.38607942111604565,2.8711171608933394e-09,0.2677504269085439,0.4929349522459864
test_early_nm,0.23268773764577505,0.23268773764577505,0.00012822136389865544,0.11565281260812568,0.3433503833015741
train_nm,0.5174927952946754,0.5174927952946754,2.263650197490963e-31,0.44539138906756054,0.582925483403409
test_nm,0.4263138193844968,0.4263138193844968,1.6093084932484115e-25,0.3551046524709016,0.49260421696350876
