,correlation,statistic,pvalue,CI_low,CI_high
train_early_nm,0.3002709382423182,0.3002709382423182,5.524200762652416e-06,0.1752441106685756,0.4157665516091515
test_early_nm,0.17754369850878426,0.17754369850878426,0.0036710260267967046,0.05852178924553347,0.29158882113403073
train_nm,0.4030725143901113,0.4030725143901113,1.5344896661257178e-18,0.3215178014171512,0.47869127882469925
test_nm,0.38302096392297963,0.38302096392297963,1.6039220453912484e-20,0.30904128670153613,0.4523932825811077
