,correlation,statistic,pvalue,CI_low,CI_high
train_early_nm,0.16080555239874575,0.16080555239874575,0.016730325963562966,0.02945948416164427,0.2866926922023426
test_early_nm,0.1543606512398459,0.1543606512398459,0.011708296522434816,0.034733941924654774,0.26962653377173396
train_nm,0.38582414333587217,0.38582414333587217,5.373416916131975e-17,0.30308339931858436,0.4627913289786255
test_nm,0.3721466081731623,0.3721466081731623,2.232518923864046e-19,0.29752531602015264,0.4422485294221024
