,correlation,statistic,pvalue,CI_low,CI_high
train_early_nm,0.2328718031049487,0.2328718031049487,0.00048236028466746255,0.10409978879688109,0.35396486817551437
test_early_nm,0.29193422042267597,0.29193422042267597,1.267206172671409e-06,0.1779093104048151,0.3982235916207961
train_nm,0.4234292261348795,0.4234292261348795,1.753210994639201e-20,0.34335410564545327,0.49739297309935554
test_nm,0.41647523959406896,0.41647523959406896,2.556298988418785e-24,0.3446060056319362,0.48349081029659025
