,correlation,statistic,pvalue,CI_low,CI_high
train_early_nm,0.04659023653783635,0.04659023653783635,0.49078536725685507,-0.08590923138519663,0.17747029654897276
test_early_nm,0.08221475307700891,0.08221475307700891,0.1812776714152469,-0.03843686606361878,0.20050370493079142
train_nm,0.38070608753293794,0.38070608753293794,1.4834314875339418e-16,0.2976253035438517,0.45806383929111616
test_nm,0.4051251985690593,0.4051251985690593,5.554343282185155e-23,0.33251678604162926,0.4729592695868405
