,correlation,statistic,pvalue,CI_low,CI_high
train_early_nm,0.17300510199847585,0.17300510199847585,0.009972526356660806,0.04199261592688858,0.29816865378810575
test_early_nm,0.23876716111231228,0.23876716111231228,8.393843890638339e-05,0.1219990433483876,0.3490160547500146
train_nm,0.45937314177724864,0.45937314177724864,2.9929218009319386e-24,0.38212308490500013,0.5302476105263476
test_nm,0.4728082577304155,0.4728082577304155,9.28461473598949e-32,0.40496260214365737,0.5354758727416684
