,correlation,statistic,pvalue,CI_low,CI_high
train_early_nm,0.19789735412647202,0.19789735412647202,0.0031312708144817466,0.06769405471843308,0.32147277534878904
test_early_nm,0.14534090780267048,0.14534090780267048,0.01769769565466652,0.025515374432692563,0.26104922085629406
train_nm,0.33760942088413776,0.33760942088413776,3.879850040716112e-13,0.251879736237476,0.4180816189032623
test_nm,0.28207434780222274,0.28207434780222274,1.9090917350266562e-11,0.2029661384141724,0.35752424219830176
