,correlation,statistic,pvalue,CI_low,CI_high
train_early_nm,0.19065146079781736,0.19065146079781736,0.0044509030823463355,0.06019474244584013,0.31470458144988467
test_early_nm,0.2585892379798598,0.2585892379798598,1.9507189342108213e-05,0.14275757959232563,0.36743327358076244
train_nm,0.40065495965034875,0.40065495965034875,2.5579900632931932e-18,0.3189302804772545,0.47646570537956934
test_nm,0.39109695889295876,0.39109695889295876,2.1265023161826377e-21,0.3176078475004391,0.45991582793666796
