,correlation,statistic,pvalue,CI_low,CI_high
train_early_nm,0.1613364381497711,0.1613364381497711,0.016368886763997576,0.030004028199990172,0.2871928426987653
test_early_nm,0.08585714976602285,0.08585714976602285,0.1626324020333694,-0.03477347890187836,0.20402193575917402
train_nm,0.4622742076032011,0.4622742076032011,1.4191391216151653e-24,0.38526406862161866,0.5328900871832315
test_nm,0.4044827232831979,0.4044827232831979,6.588612328144913e-23,0.3318331819845176,0.47236254574147424
