,correlation,statistic,pvalue,CI_low,CI_high
train_early_nm,0.17586494427491103,0.17586494427491103,0.00879178064975651,0.04493663500999748,0.30085364586518065
test_early_nm,0.2509506048263472,0.2509506048263472,3.472350447708122e-05,0.13474598591326478,0.3603461114242402
train_nm,0.39093722994095514,0.39093722994095514,1.9137145940482973e-17,0.3085416217218135,0.46750986113537624
test_nm,0.38409090153423336,0.38409090153423336,1.23117982335865e-20,0.3101755268443364,0.4533904647555934
