,correlation,statistic,pvalue,CI_low,CI_high
train_early_nm,0.244635452701979,0.244635452701979,0.00024056875016317244,0.11642289924494144,0.3648282767492777
test_early_nm,0.13955891960962552,0.13955891960962552,0.0228119205875274,0.019616632431835573,0.2555412201746594
train_nm,0.4621049527207976,0.4621049527207976,1.4825768195245795e-24,0.38508076734644253,0.5327359568141117
test_nm,0.3863747476642508,0.3863747476642508,6.977863161893374e-21,0.3125973347792718,0.45551842982168855
