,correlation,statistic,pvalue,CI_low,CI_high
train_early_nm,0.29164419309213874,0.29164419309213874,1.0471320853542159e-05,0.1660645440842074,0.4079153321566931
test_early_nm,0.23377559680856602,0.23377559680856602,0.00011895639796897896,0.11678771310335759,0.34436479718932284
train_nm,0.44639537188457395,0.44639537188457395,7.734623685772375e-23,0.3680938723351302,0.5184097448265397
test_nm,0.40105565109381625,0.40105565109381625,1.6280446543025542e-22,0.3281880105277491,0.4691784679314412
