,correlation,statistic,pvalue,CI_low,CI_high
train_early_nm,0.18921229879174428,0.18921229879174428,0.004766091710435983,0.05870699792366324,0.31335879571278374
test_early_nm,0.24025426907104366,0.24025426907104366,7.554728828874813e-05,0.12355287067519577,0.35040072765317326
train_nm,0.38873268322709975,0.38873268322709975,2.9933500345771477e-17,0.3061876014620552,0.4654759645584867
test_nm,0.36579847263691884,0.36579847263691884,9.923765065806258e-19,0.29081264733037276,0.4363180110776851
