,correlation,statistic,pvalue,CI_low,CI_high
train_early_nm,0.17632146205655544,0.17632146205655544,0.008615245941133456,0.045406800551980674,0.3012820689187181
test_early_nm,0.25331155552041695,0.25331155552041695,2.9111096977014892e-05,0.1372205901542055,0.36253796264456967
train_nm,0.4145205340304772,0.4145205340304772,1.2885713059536048e-19,0.3337872359461898,0.48921701579883997
test_nm,0.4290039719154182,0.4290039719154182,7.435602683312324e-26,0.35797841708063105,0.4950935574603433
