,correlation,statistic,pvalue,CI_low,CI_high
train_early_nm,0.16035339159082299,0.16035339159082299,0.017043635170887843,0.028995751921730175,0.2862666548049996
test_early_nm,0.1335936320694382,0.1335936320694382,0.029379346092647057,0.013539628510499007,0.24985070424554756
train_nm,0.3478735090410252,0.3478735090410252,6.62908530813863e-14,0.2627400522572473,0.4276323262446462
test_nm,0.2801329642581674,0.2801329642581674,2.652738726859378e-11,0.2009441606329916,0.35568435109321206
