,correlation,statistic,pvalue,CI_low,CI_high
train_early_nm,0.17676111098426586,0.17676111098426586,0.008448216266113168,0.045859647769682106,0.301694613566423
test_early_nm,0.1079841323446933,0.1079841323446933,0.07874447821496271,-0.012449101070917767,0.22532923879368602
train_nm,0.3098861064446787,0.3098861064446787,3.338134060279762e-11,0.22265354000485768,0.39219591971166085
test_nm,0.29844555109766213,0.29844555109766213,1.0745924223623964e-12,0.22004384702336807,0.37301632587462186
