,correlation,statistic,pvalue,CI_low,CI_high
train_early_nm,0.193922556980391,0.193922556980391,0.003803184923651781,0.06357841989261424,0.31776158710142977
test_early_nm,0.1853941692086987,0.1853941692086987,0.002398919127875395,0.06660781485752244,0.298998753055615
train_nm,0.3980500513587815,0.3980500513587815,4.415805167210324e-18,0.31614359695463856,0.4740665684550328
test_nm,0.31923589396460494,0.31923589396460494,2.1177701162651663e-14,0.24180089484981723,0.39263049623919954
