,correlation,statistic,pvalue,CI_low,CI_high
train_early_nm,0.30197103849145773,0.30197103849145773,4.858189918637585e-06,0.17705572498836136,0.41731178865827556
test_early_nm,0.18777130744736448,0.18777130744736448,0.0021019491890048097,0.06905936101737628,0.3012397962189797
train_nm,0.4112907285718131,0.4112907285718131,2.617237172012282e-19,0.3303229141321036,0.4862496138088608
test_nm,0.3798188647368636,0.3798188647368636,3.5189969853792014e-20,0.30564800042986556,0.44940788840119267
