,correlation,statistic,pvalue,CI_low,CI_high
train_early_nm,0.16505157104346627,0.16505157104346627,0.014024872346648447,0.033816924534697826,0.290690971153901
test_early_nm,0.14795296607295802,0.14795296607295802,0.015736013630382916,0.02818291617774784,0.26353503496810976
train_nm,0.3699120723204544,0.3699120723204544,1.1919660162363624e-15,0.28613192009069915,0.44807916374956935
test_nm,0.3134802292140972,0.3134802292140972,6.47958378734955e-14,0.2357698001779908,0.3872071217694607
