,correlation,statistic,pvalue,CI_low,CI_high
train_early_nm,0.04970075981270318,0.04970075981270318,0.4622667731095679,-0.08281366980977178,0.18048817385821603
test_early_nm,0.045000969701726026,0.045000969701726026,0.4648662065628535,-0.07568018866416075,0.16438282626043563
train_nm,0.3946944222828832,0.3946944222828832,8.859003723273164e-18,0.3125558878301588,0.47097434848556047
test_nm,0.3773803662984045,0.3773803662984045,6.364425711939706e-20,0.3030651701504216,0.44713337454685964
