,correlation,statistic,pvalue,CI_low,CI_high
train_early_nm,0.32762756258347614,0.32762756258347614,6.323144500085516e-07,0.2044982919813201,0.44055054319024917
test_early_nm,0.28008997519925555,0.28008997519925555,3.4871510136895114e-06,0.16538988883638878,0.3873141315678662
train_nm,0.4705213917303225,0.4705213917303225,1.6355247520899576e-25,0.3942030514560548,0.5403946354857405
test_nm,0.44114311869542006,0.44114311869542006,2.0903938670802273e-27,0.3709628587721122,0.5063130734215759
