,correlation,statistic,pvalue,CI_low,CI_high
train_early_nm,0.2500307210002229,0.2500307210002229,0.00017284155590923078,0.12208799336466795,0.36979973729040794
test_early_nm,0.06501234135283683,0.06501234135283683,0.290765545824813,-0.05569469471556398,0.18384637342931084
train_nm,0.32052249130680316,0.32052249130680316,6.376400044097586e-12,0.23384801581019266,0.4021427177920849
test_nm,0.25995278285297313,0.25995278285297313,6.976139030832972e-10,0.17996610793908902,0.33652441373831293
