,correlation,statistic,pvalue,CI_low,CI_high
train_early_nm,0.030507460088606837,0.030507460088606837,0.6519469396883542,-0.10187394422737142,0.16182717532112756
test_early_nm,0.13548652390382535,0.13548652390382535,0.027139215124012052,0.015467009805231902,0.25165727640076324
train_nm,0.2851283190792175,0.2851283190792175,1.2257566302482528e-09,0.19668549728313334,0.3689684651420071
test_nm,0.3015293673599148,0.3015293673599148,6.120252763261684e-13,0.22326613447905103,0.37592989736854765
