,correlation,statistic,pvalue,CI_low,CI_high
train_early_nm,0.1817806933564002,0.1817806933564002,0.00673537738889994,0.051033734877171916,0.3064014255940786
test_early_nm,0.10767786905279957,0.10767786905279957,0.07960157683187102,-0.012758918114920527,0.22503508491515836
train_nm,0.40982483094526795,0.40982483094526795,3.6009398653160063e-19,0.32875129701115235,0.4849022414459174
test_nm,0.34761522275014933,0.34761522275014933,5.945676543875742e-17,0.2716260172553012,0.419296984352831
