,correlation,statistic,pvalue,CI_low,CI_high
train_early_nm,0.2325823543614749,0.2325823543614749,0.0004904767239815902,0.10379707190686838,0.35369715766068455
test_early_nm,0.06597212628925164,0.06597212628925164,0.28368682354512764,-0.05473371391699621,0.1847775476251966
train_nm,0.312745906693134,0.312745906693134,2.152840391846973e-11,0.2256611346024227,0.3948722042640493
test_nm,0.2577390190928842,0.2577390190928842,9.823151932833301e-10,0.17766923779542898,0.3344187046226662
