,correlation,statistic,pvalue,CI_low,CI_high
train_early_nm,0.13118662232424227,0.13118662232424227,0.0514634474145874,-0.0007984499846020646,0.258679390490008
test_early_nm,0.042969621585732976,0.042969621585732976,0.48528021817474026,-0.07770350363514342,0.16240187666319286
train_nm,0.32900459938483184,0.32900459938483184,1.6239101279510847e-12,0.24279168032609916,0.41006112249343263
test_nm,0.2852542453509866,0.2852542453509866,1.1076486832592021e-11,0.2062795037984613,0.36053663495897176
