,correlation,statistic,pvalue,CI_low,CI_high
train_early_nm,0.09925405753111242,0.09925405753111242,0.1413494606215861,-0.03315143137805034,0.2282357192940203
test_early_nm,0.09328909030962337,0.09328909030962337,0.12910390876542688,-0.027288640605207803,0.2111910731955036
train_nm,0.44415684154754004,0.44415684154754004,1.3365666439991415e-22,0.36567757899727515,0.5163650412140924
test_nm,0.4179349610593689,0.4179349610593689,1.705768820261083e-24,0.34616252435200207,0.4848438583927626
