,correlation,statistic,pvalue,CI_low,CI_high
train_early_nm,0.11575200262219507,0.11575200262219507,0.08601675395861622,-0.01647085394838494,0.24399598435133688
test_early_nm,0.1509114607543608,0.1509114607543608,0.013746248741734779,0.0312063147406874,0.2663486890673611
train_nm,0.39808212164850076,0.39808212164850076,4.386351364491708e-18,0.31617789657635015,0.4740961122580083
test_nm,0.3888762436196331,0.3888762436196331,3.727287040448669e-21,0.31525104133806664,0.45784828295700075
