,correlation,statistic,pvalue,CI_low,CI_high
train_early_nm,-0.010298288721050312,-0.010298288721050312,0.8790048074503616,-0.14207644460166688,0.12183854822641153
test_early_nm,-0.003629240588115687,-0.003629240588115687,0.9530217544946731,-0.123846733904524,0.116693247082273
train_nm,0.20928027268331073,0.20928027268331073,1.0036060377070671e-05,0.11789464110346909,0.29715086471098456
test_nm,0.13192914162166353,0.13192914162166353,0.002007036115576267,0.04855434254219007,0.21347815489979444
