,correlation,statistic,pvalue,CI_low,CI_high
train_early_nm,0.036425792205506145,0.036425792205506145,0.5901516405494915,-0.09600697728919796,0.16759140282617002
test_early_nm,0.03368620744863525,0.03368620744863525,0.5843970801990558,-0.0869375711857611,0.15333651742912688
train_nm,0.3884850850725488,0.3884850850725488,3.1469253468918045e-17,0.30592327859963464,0.4652474819064548
test_nm,0.37209045894887977,0.37209045894887977,2.262501265860944e-19,0.2974659101440526,0.44219610087621614
