,correlation,statistic,pvalue,CI_low,CI_high
train_early_nm,0.2505640944657061,0.2505640944657061,0.00016721661537995043,0.12264849484562661,0.3702908411103434
test_early_nm,0.23245540062007308,0.23245540062007308,0.00013028582602217192,0.11541046843086249,0.34313369871733457
train_nm,0.4721268177554574,0.4721268177554574,1.0666200273402655e-25,0.3959448262075974,0.5418542059111885
test_nm,0.42575797747517746,0.42575797747517746,1.8860325536858477e-25,0.3545110401822249,0.4920897317647234
