,correlation,statistic,pvalue,CI_low,CI_high
train_early_nm,0.32785779527684217,0.32785779527684217,6.203110269031501e-07,0.20474543134778073,0.4407583967852502
test_early_nm,0.25768738701106786,0.25768738701106786,2.0901188160334138e-05,0.14181090433820384,0.36659718931235813
train_nm,0.5053902383610049,0.5053902383610049,8.958692388552168e-30,0.43215707317379126,0.5720012547993636
test_nm,0.4239384105520142,0.4239384105520142,3.163983121371308e-25,0.352568232289054,0.49040522323504815
