,correlation,statistic,pvalue,CI_low,CI_high
train_early_nm,-0.07085829718287356,-0.07085829718287356,0.29430262678066366,-0.20095040694234073,0.06168982917809438
test_early_nm,0.042652846652142966,0.042652846652142966,0.4885065782375017,-0.0780189362875033,0.16209287423974636
train_nm,0.18015871314866502,0.18015871314866502,0.00015020555761420586,0.08794584452771916,0.2693100794001362
test_nm,0.1417616693242655,0.1417616693242655,0.0008947317509936071,0.058545784689717016,0.22302103038186896
