,correlation,statistic,pvalue,CI_low,CI_high
train_early_nm,0.2861461441979607,0.2861461441979607,1.5572671763794066e-05,0.16022550120083462,0.402902557967942
test_early_nm,0.23537399889977856,0.23537399889977856,0.0001064756789100867,0.11845578792304495,0.3458548171293181
train_nm,0.4489234487704005,0.4489234487704005,4.1499128597470415e-23,0.3708239775456531,0.520717934443841
test_nm,0.39817124245178404,0.39817124245178404,3.4578410760588047e-22,0.3251217187854149,0.46649720304195536
