,correlation,statistic,pvalue,CI_low,CI_high
train_early_nm,0.32775155680414875,0.32775155680414875,6.25822526352544e-07,0.204631389516819,0.44066248641825595
test_early_nm,0.27227099090126655,0.27227099090126655,6.634402808258877e-06,0.15714539367336117,0.3800957542755634
train_nm,0.4576472021065949,0.4576472021065949,4.649759808872673e-24,0.38025525661224674,0.5286748605344004
test_nm,0.431929365658035,0.431929365658035,3.185935314712357e-26,0.3611050068672022,0.49779934812940674
