,correlation,statistic,pvalue,CI_low,CI_high
train_early_nm,0.23772390186266754,0.23772390186266754,0.0003635445436313378,0.10917785944619857,0.3584496113500765
test_early_nm,0.21050321479072143,0.21050321479072143,0.0005485857304560413,0.09257544640321241,0.32260714455316497
train_nm,0.37305473736235745,0.37305473736235745,6.550186670278378e-16,0.28947571950296064,0.45098820417726043
test_nm,0.31152902055935844,0.31152902055935844,9.414912598981196e-14,0.23372657667340893,0.38536740302153594
