,correlation,statistic,pvalue,CI_low,CI_high
train_early_nm,0.19131633120483976,0.19131633120483976,0.004311729191907194,0.060882253009100044,0.31532614509059925
test_early_nm,0.2008460194415427,0.2008460194415427,0.0009880725410284607,0.0825690098758229,0.31354359257130127
train_nm,0.4130043541782932,0.4130043541782932,1.7988083810135657e-19,0.33216069456095226,0.48782423233467076
test_nm,0.37412637838791085,0.37412637838791085,1.3924819910910499e-19,0.29962028223109455,0.4440968057280029
