,correlation,statistic,pvalue,CI_low,CI_high
train_early_nm,0.18051637784157057,0.18051637784157057,0.007134732498611934,0.049729841602659336,0.30521646348635195
test_early_nm,0.15377869779091496,0.15377869779091496,0.012032229691123005,0.034138545382550615,0.26907367733477183
train_nm,0.4207065367822323,0.4207065367822323,3.2458558342849216e-20,0.3404284987167643,0.4948956167615379
test_nm,0.3707366256849678,0.3707366256849678,3.118455713681936e-19,0.29603372953812196,0.44093183311708317
