,correlation,statistic,pvalue,CI_low,CI_high
train_early_nm,0.025384393029305452,0.025384393029305452,0.7074473168966967,-0.1069451230618375,0.15683025893993655
test_early_nm,0.14067007941213344,0.14067007941213344,0.021740145114567073,0.020749581745169762,0.25660031087387436
train_nm,0.28308192592704434,0.28308192592704434,1.6260307113029938e-09,0.1945446062036118,0.36704386680089135
test_nm,0.2944019269650306,0.2944019269650306,2.225387635141385e-12,0.21582124489474738,0.36919370372632127
