,correlation,statistic,pvalue,CI_low,CI_high
train_early_nm,0.1690774887750283,0.1690774887750283,0.011821969206296232,0.03795310141470074,0.29447794310905945
test_early_nm,0.22011811842141513,0.22011811842141513,0.0002973698581237458,0.10256178194722061,0.3316106277394598
train_nm,0.376977728587738,0.376977728587738,3.0738687902314193e-16,0.2936526514751312,0.45461723955233957
test_nm,0.3692205194007347,0.3692205194007347,4.458757457163621e-19,0.2944302836433418,0.4395156971160578
