,correlation,statistic,pvalue,CI_low,CI_high
train_early_nm,0.17508759048006717,0.17508759048006717,0.00909977777015002,0.044136175397433426,0.3001240153770751
test_early_nm,0.2585814585794855,0.2585814585794855,1.9518828441869276e-05,0.14274941262968735,0.3674260622385541
train_nm,0.37123281038731226,0.37123281038731226,9.275498124217904e-16,0.28753693845607764,0.4493019202997301
test_nm,0.3979639300062137,0.3979639300062137,3.6491714463165887e-22,0.3249013929216052,0.46630444286163447
