,correlation,statistic,pvalue,CI_low,CI_high
train_early_nm,-0.009993261004211086,-0.009993261004211086,0.8825623865928672,-0.14177753037129806,0.1221390676780546
test_early_nm,0.03454944815574648,0.03454944815574648,0.5747987168479806,-0.08607979228194701,0.1541803319174615
train_nm,0.3382723573061416,0.3382723573061416,3.4681976499956027e-13,0.2525805301176262,0.41869901740169874
test_nm,0.37945823758740765,0.37945823758740765,3.8424980236082806e-20,0.3052659593949114,0.44907156961177735
