,correlation,statistic,pvalue,CI_low,CI_high
train_early_nm,0.22985514230744064,0.22985514230744064,0.000573404956939075,0.100946017213643,0.35117379051782327
test_early_nm,0.2301735368573689,0.2301735368573689,0.00015228442146775608,0.11303106112490952,0.34100493691001277
train_nm,0.4536810956319499,0.4536810956319499,1.2676596552367763e-23,0.37596548930797336,0.525058925903316
test_nm,0.42100175996208494,0.42100175996208494,7.244120383814293e-25,0.3494339768508104,0.48768549919700865
