,correlation,statistic,pvalue,CI_low,CI_high
train_early_nm,0.16552375660027271,0.16552375660027271,0.013749115371866245,0.034301809398066645,0.29113533546529907
test_early_nm,0.16710580789807972,0.16710580789807972,0.006298690792234087,0.047794840455595955,0.28171542199147037
train_nm,0.2964457696513549,0.2964457696513549,2.4636478510884356e-10,0.20854081198454585,0.37959936943947115
test_nm,0.27852337614357864,0.27852337614357864,3.4777745355171094e-11,0.19926826384907115,0.3541584655255195
