,correlation,statistic,pvalue,CI_low,CI_high
train_early_nm,0.2965803941376634,0.2965803941376634,7.2808349945883e-06,0.17131440568370565,0.4124098850366316
test_early_nm,0.33318342354940444,0.33318342354940444,2.5712004682976198e-08,0.22179994741646217,0.4359840114827055
train_nm,0.49738064131174964,0.49738064131174964,9.437645202765605e-29,0.4234157783836673,0.5647584700693646
test_nm,0.49153727896794397,0.49153727896794397,1.4821121627490527e-34,0.42516117169136697,0.5526547806501082
