,correlation,statistic,pvalue,CI_low,CI_high
train_early_nm,0.227928876231462,0.227928876231462,0.0006395943260983402,0.09893355447831606,0.34939044022315313
test_early_nm,0.17834669833965738,0.17834669833965738,0.0035174027182535497,0.05934816682312024,0.29234738859145937
train_nm,0.4850026532634984,0.4850026532634984,3.1846495268253462e-27,0.40993406238918756,0.5535450575422871
test_nm,0.4118146159121365,0.4118146159121365,9.179631237277886e-24,0.3396389696627004,0.47916863063055154
