,correlation,statistic,pvalue,CI_low,CI_high
train_early_nm,0.04914210908208864,0.04914210908208864,0.46732005424410994,-0.08336982187174018,0.1799463437244766
test_early_nm,0.021370558764517482,0.021370558764517482,0.728635305931208,-0.09915585029082134,0.14127898531153274
train_nm,0.38636101452195765,0.38636101452195765,4.8254625310597367e-17,0.30365625459911394,0.4632869771862113
test_nm,0.35353615927815213,0.35353615927815213,1.6141409929881024e-17,0.277867055196592,0.42484500963644856
