,correlation,statistic,pvalue,CI_low,CI_high
train_early_nm,0.20324388867353846,0.20324388867353846,0.0023969547833335744,0.07323702903112989,0.3264587468218205
test_early_nm,0.19802133862939464,0.19802133862939464,0.0011678025571232639,0.07964667878527408,0.3108886622368885
train_nm,0.41753977428765826,0.41753977428765826,6.597921427694518e-20,0.3370276767973901,0.4919893967736129
test_nm,0.3406411258196656,0.3406411258196656,2.666470939057603e-16,0.2642830706558003,0.4127552540526517
