,correlation,statistic,pvalue,CI_low,CI_high
train_early_nm,0.08210145303017989,0.08210145303017989,0.2241153144963219,-0.05041605536127692,0.21177807976373017
test_early_nm,0.08745543441121557,0.08745543441121557,0.1549205201614671,-0.033164959648848524,0.2055647734548667
train_nm,0.3958214980055352,0.3958214980055352,7.017917617408042e-18,0.31376065238987494,0.47201316049061154
test_nm,0.3995132566377351,0.3995132566377351,2.43779827067025e-22,0.32654816575072776,0.4677448577854589
