,correlation,statistic,pvalue,CI_low,CI_high
train_early_nm,0.2021025655111496,0.2021025655111496,0.002539083465997627,0.07205309726648798,0.3253949682892088
test_early_nm,0.12423631208433797,0.12423631208433797,0.042914573108706194,0.004024900808846284,0.24090819096312271
train_nm,0.3059996638922696,0.3059996638922696,6.013198851289859e-11,0.21856890613819938,0.3885566384034904
test_nm,0.28366945929943216,0.28366945929943216,1.4541396822266368e-11,0.2046279741052776,0.35903552562601776
