,correlation,statistic,pvalue,CI_low,CI_high
train_early_nm,0.2467780355961734,0.2467780355961734,0.00021115298481611696,0.1186716378326275,0.3668033767624623
test_early_nm,0.23488227545442603,0.23488227545442603,0.00011017788566015537,0.11794256046284002,0.34539649509572784
train_nm,0.4391703082630895,0.4391703082630895,4.455277785779639e-22,0.3602988623695477,0.5118073133049891
test_nm,0.40898048172058,0.40898048172058,1.977945489174382e-23,0.3366204726569557,0.4765387067778521
