,correlation,statistic,pvalue,CI_low,CI_high
train_early_nm,0.14067020747666875,0.14067020747666875,0.036639698672254986,0.008863504468360307,0.26767227500370866
test_early_nm,0.105034085593228,0.105034085593228,0.0873178864041677,-0.015432417883035386,0.22249494490227442
train_nm,0.288185782195947,0.288185782195947,8.001781221137777e-10,0.19988571941374284,0.371842618821435
test_nm,0.23873935283101266,0.23873935283101266,1.626855094412762e-08,0.15799211723696063,0.31631488114931994
