,correlation,statistic,pvalue,CI_low,CI_high
train_early_nm,-0.004272977874973932,-0.004272977874973932,0.9496371515167795,-0.1361674405168947,0.12777032197036936
test_early_nm,0.10281188276826071,0.10281188276826071,0.09425816406245824,-0.017678266816051107,0.22035862415017543
train_nm,0.26499441193616363,0.26499441193616363,1.7911183573999556e-08,0.17565845727216484,0.350001550427217
test_nm,0.2723446250443863,0.2723446250443863,9.676098576620252e-11,0.1928392753509043,0.3482972821741974
