,correlation,statistic,pvalue,CI_low,CI_high
train_early_nm,0.2934888846577727,0.2934888846577727,9.148815206270923e-06,0.16802562001899005,0.409595636555543
test_early_nm,0.19811715480962822,0.19811715480962822,0.0011612436511390218,0.07974577403828267,0.3109787491697919
train_nm,0.41039942593084133,0.41039942593084133,3.178192231722659e-19,0.3293672778743331,0.48543041998329894
test_nm,0.32570780802567006,0.32570780802567006,5.849885189032379e-15,0.24858966778191216,0.3987226783496334
