,correlation,statistic,pvalue,CI_low,CI_high
train_early_nm,0.33742240927484,0.33742240927484,2.758900097306854e-07,0.21502629347024477,0.44938262436645793
test_early_nm,0.25753355862516425,0.25753355862516425,2.1148181357012685e-05,0.14164945144794097,0.3664545611651821
train_nm,0.466207652599934,0.466207652599934,5.100985468394397e-25,0.38952566094426977,0.5364707226119936
test_nm,0.4264869120473769,0.4264869120473769,1.531631108131843e-25,0.35528951879381315,0.49276442142573856
