,correlation,statistic,pvalue,CI_low,CI_high
train_early_nm,0.22911727530361717,0.22911727530361717,0.0005979724941900511,0.10017500742586445,0.350490772196822
test_early_nm,0.10370641554936932,0.10370641554936932,0.09141329426427472,-0.016774361636499195,0.22121872130903555
train_nm,0.45673910797876116,0.45673910797876116,5.856851713077753e-24,0.37927276191644443,0.5278471705084563
test_nm,0.4184661485950996,0.4184661485950996,1.4715419470883243e-24,0.34672903413959705,0.4853361483968374
