,correlation,statistic,pvalue,CI_low,CI_high
train_early_nm,0.20147750487175997,0.20147750487175997,0.0026201263166078866,0.07140485674320132,0.32481224369445305
test_early_nm,0.14168190224722613,0.14168190224722613,0.020802372249004074,0.021781514108902496,0.25756447742890665
train_nm,0.35160623375054767,0.35160623375054767,3.4302894378209496e-14,0.2666949623707579,0.4311012070603463
test_nm,0.29512461157904774,0.29512461157904774,1.955535402874636e-12,0.21657570117210112,0.36987707620379656
