,correlation,statistic,pvalue,CI_low,CI_high
train_early_nm,0.25869755975173736,0.25869755975173736,0.00010006205892941506,0.13120575950344593,0.37777144953156166
test_early_nm,0.17819517912484986,0.17819517912484986,0.0035459371210911843,0.0591922239415803,0.2922042643662872
train_nm,0.3884394305687863,0.3884394305687863,3.176076994950262e-17,0.3058745416248575,0.4652053509839916
test_nm,0.30348690453413396,0.30348690453413396,4.266442192731256e-13,0.22531245794651678,0.3777786040399374
