,seed_0,seed_1,seed_3,seed_4,seed_5,seed_6
all,0.38154733301297455,0.5665545410860163,0.525708793849111,0.3786641037962518,0.3998077847188852,0.5718404613166747
unique_train.N/M,0.4360730593607306,0.6712328767123288,0.6598173515981736,0.4360730593607306,0.4360730593607306,0.6712328767123288
unique_train.N/M-early,0.5113122171945701,0.583710407239819,0.5972850678733032,0.5113122171945701,0.5113122171945701,0.5882352941176471
unique_train.all_fates,0.37898089171974525,0.5796178343949044,0.5382165605095541,0.37898089171974525,0.4012738853503185,0.5907643312101911
unique_test.N/M,0.47619047619047616,0.6593406593406593,0.6593406593406593,0.47619047619047616,0.47802197802197804,0.673992673992674
unique_test.N/M-early,0.5150375939849624,0.556390977443609,0.575187969924812,0.5150375939849624,0.518796992481203,0.5789473684210527
unique_test.all_fates,0.40279394644935973,0.559953434225844,0.519208381839348,0.3958090803259604,0.42607683352735737,0.5669383003492433
