,correlation,statistic,pvalue,CI_low,CI_high
train_early_nm,-0.03850919374660057,-0.03850919374660057,0.5690540945210719,-0.16961842372547886,0.09393946546536067
test_early_nm,-0.005849992607155844,-0.005849992607155844,0.9243450305589693,-0.12603286915393971,0.11450212139761529
train_nm,0.25064895530332904,0.25064895530332904,1.0619287271513323e-07,0.16072620605687016,0.3364449218591689
test_nm,0.2193027789192494,0.2193027789192494,2.2698273558792918e-07,0.13792865123020065,0.2977360972680986
