,correlation,statistic,pvalue,CI_low,CI_high
train_early_nm,0.35503540880041184,0.35503540880041184,5.767976546774381e-08,0.23402948663807738,0.46520951415716444
test_early_nm,0.11659379346458548,0.11659379346458548,0.057549512333054886,-0.0037300646421432157,0.2335897358346575
train_nm,0.5240637387254857,0.5240637387254857,2.8860424973197323e-32,0.45259002918827085,0.5888467752579793
test_nm,0.39331175280078795,0.39331175280078795,1.2098652033666383e-21,0.31995927413004716,0.46197711701219263
