,correlation,statistic,pvalue,CI_low,CI_high
train_early_nm,0.14367341244166,0.14367341244166,0.032774512004012754,0.01192833385904713,0.2705154822506291
test_early_nm,0.14916054039790272,0.14916054039790272,0.014895298918647852,0.029416717817531152,0.26468372702697096
train_nm,0.3562253838126344,0.3562253838126344,1.499598715952369e-14,0.27159302322871565,0.43539060643396793
test_nm,0.34272245473422996,0.34272245473422996,1.7105944558304755e-16,0.26647355162497366,0.4147083278796639
