,correlation,statistic,pvalue,CI_low,CI_high
train_early_nm,-0.03500422466855023,-0.03500422466855023,0.6047493269880454,-0.1662076686799671,0.09741704722736466
test_early_nm,-0.021428087543919828,-0.021428087543919828,0.7279335969026484,-0.14133539120229927,0.09909886070528784
train_nm,0.24680197537751858,0.24680197537751858,1.680794065507967e-07,0.15672885442625337,0.33280342283556963
test_nm,0.21424803076841295,0.21424803076841295,4.3360077480447745e-07,0.13272179066934717,0.29289467489108123
