,correlation,statistic,pvalue,CI_low,CI_high
train_early_nm,,,,,
test_early_nm,,,,,
train_nm,0.1829858817173638,0.1829858817173638,0.00011752485462777344,0.09084603445906521,0.27201945507408304
test_nm,0.1735679257577832,0.1735679257577832,4.554354878706786e-05,0.09098069393758598,0.2537840107623091
