,correlation,statistic,pvalue,CI_low,CI_high
train_early_nm,-0.12944170755181142,-0.12944170755181142,0.05467269757137186,-0.2570223505641174,0.0025735033896429798
test_early_nm,-0.12318280760732053,-0.12318280760732053,0.0447240996966013,-0.23990014572895557,-0.0029550358869577954
train_nm,0.21426169392953495,0.21426169392953495,6.068292078039199e-06,0.12303427127962813,0.30189828377563915
test_nm,0.18587644082844515,0.18587644082844515,1.2339192393655483e-05,0.10357968772613665,0.26564540259765684
