,correlation,statistic,pvalue,CI_low,CI_high
train_early_nm,0.18335596740020907,0.18335596740020907,0.0062657883317351875,0.05265894473578286,0.3078772890502436
test_early_nm,0.17091959190254297,0.17091959190254297,0.0051886420464598276,0.05171105210276329,0.28532576897501827
train_nm,0.466877766575783,0.466877766575783,4.279313629016346e-25,0.3902520066114544,0.5370804787537936
test_nm,0.4104906876677644,0.4104906876677644,1.3151043539632754e-23,0.3382287337088243,0.4779402470426142
