,correlation,statistic,pvalue,CI_low,CI_high
train_early_nm,0.23351672690925127,0.23351672690925127,0.00046472134523473026,0.1047743613145016,0.3545612854486002
test_early_nm,0.14935278900164078,0.14935278900164078,0.014765151167056203,0.029613175544605665,0.2648665711935839
train_nm,0.455902069320159,0.455902069320159,7.240849066399237e-24,0.37836729898644345,0.5270841249483871
test_nm,0.39967609958630373,0.39967609958630373,2.336307315124787e-22,0.32672127657353384,0.46789623245507056
