,correlation,statistic,pvalue,CI_low,CI_high
train_early_nm,0.2237439915133354,0.2237439915133354,0.0008084028221008266,0.09456503771973399,0.3455130102911976
test_early_nm,0.30822507299708457,0.30822507299708457,2.916981761680716e-07,0.19518932781404552,0.4131797586147647
train_nm,0.3676835421253416,0.3676835421253416,1.815220706934131e-15,0.283761997167593,0.44601529810967755
test_nm,0.37162614459039,0.37162614459039,2.5261263238631314e-19,0.2969746877239963,0.4417625355337996
