,correlation,statistic,pvalue,CI_low,CI_high
train_early_nm,0.1630656115478709,0.1630656115478709,0.015238440457511373,0.031778229311467954,0.28882143117428605
test_early_nm,0.1759131794222058,0.1759131794222058,0.004001767948541523,0.05684430256533831,0.29004808204862487
train_nm,0.3241289335914843,0.3241289335914843,3.5832595300510354e-12,0.23764891210462386,0.4055109761043556
test_nm,0.2798425767401956,0.2798425767401956,2.785919360250193e-11,0.2006417760227082,0.3554090942157828
