,correlation,statistic,pvalue,CI_low,CI_high
train_early_nm,0.20605356493926846,0.20605356493926846,0.0020773598429400654,0.07615316010885981,0.3290761966358009
test_early_nm,0.16351332275126176,0.16351332275126176,0.007533972999362425,0.04410922305654726,0.2783115982877158
train_nm,0.4478819079178284,0.4478819079178284,5.366791216987887e-23,0.3696990396407495,0.5197671119308535
test_nm,0.3837892036485321,0.3837892036485321,1.3266389434663312e-20,0.3098556758145806,0.45310929979649056
