,correlation,statistic,pvalue,CI_low,CI_high
train_early_nm,0.05825137857015959,0.05825137857015959,0.3888029535364955,-0.07429098274706576,0.18877144558151016
test_early_nm,0.10851141005141607,0.10851141005141607,0.0772863586973423,-0.01191565087182782,0.22583561823210396
train_nm,0.3365537197953995,0.3365537197953995,4.636016013998896e-13,0.25076393414476694,0.4170982817453501
test_nm,0.3295384243270106,0.3295384243270106,2.6920047614376693e-15,0.25261140000629223,0.40232550432429476
