,correlation,statistic,pvalue,CI_low,CI_high
train_early_nm,0.17019090739348766,0.17019090739348766,0.011269231798833743,0.039097807277894615,0.29552458349672095
test_early_nm,0.20875727134004798,0.20875727134004798,0.0006113616305279258,0.0907645972770889,0.3209700480158828
train_nm,0.3737313029410309,0.3737313029410309,5.753153788745655e-16,0.29019585305227125,0.4516142575790599
test_nm,0.3616590435941739,0.3616590435941739,2.578946018077542e-18,0.2864394897270954,0.4324475947358349
