,correlation,statistic,pvalue,CI_low,CI_high
train_early_nm,-0.007180317838177524,-0.007180317838177524,0.9154719585409972,-0.13901983212328314,0.12490929450287744
test_early_nm,0.08446549887638741,0.08446549887638741,0.1695787294830821,-0.036173532404075025,0.20267808515249322
train_nm,0.24997878524631972,0.24997878524631972,1.1509931167979961e-07,0.16002962797565046,0.33581073247779064
test_nm,0.28249045672873957,0.28249045672873957,1.7785247278525442e-11,0.2033996094242607,0.3579185214070048
