,correlation,statistic,pvalue,CI_low,CI_high
train_early_nm,0.18667027211589776,0.18667027211589776,0.005372155557798878,0.0560805743192515,0.3109804828971853
test_early_nm,0.25345861063451436,0.25345861063451436,2.8791540305718405e-05,0.1373747722934974,0.36267444519890496
train_nm,0.3948645261233349,0.3948645261233349,8.553416521340008e-18,0.3127376999237755,0.47113114468584844
test_nm,0.3852804481450095,0.3852804481450095,9.164769264306003e-21,0.31143681148607805,0.4544989189364662
