,correlation,statistic,pvalue,CI_low,CI_high
train_early_nm,0.3313556088525976,0.3313556088525976,4.6271123373978356e-07,0.2085020315550652,0.443914727042457
test_early_nm,0.30029558356173475,0.30029558356173475,6.029901452986822e-07,0.18676959215251254,0.40590698624395244
train_nm,0.46413637001206304,0.46413637001206304,8.757284777957662e-25,0.38728117242809573,0.534585538575553
test_nm,0.44995574367525815,0.44995574367525815,1.4267235868905854e-28,0.3804063630439231,0.5144442775697433
